Applicant,LocationDescription,Address,Latitude,Longitude
Rita's Catering,MISSION ST: 06TH ST to 07TH ST (1000 - 1099),1028 MISSION ST,37.78069438,-122.4096688
tacos y pupusas los trinos,MISSION ST: AVALON AVE to COTTER ST (4368 - 4439),4384 MISSION ST,37.72756654,-122.4329697
Treats by the Bay LLC,HOWARD ST: MALDEN ALY to 02ND ST (574 - 599),201 02ND ST,37.78680165,-122.3978716
El Calamar Perubian Food Truck,24TH ST: UTAH ST to POTRERO AVE (2600 - 2699),2615 24TH ST,37.75281483,-122.4056626
Mike's Catering,INDIANA ST: 26TH ST to CESAR CHAVEZ ST (1500 - 1599),1575 INDIANA ST,37.75084961,-122.3900276
El Calamar Perubian Food Truck,MISSION ST: ANTHONY ST to 02ND ST (573 - 599),85 02ND ST,37.78845703,-122.3998842
DO UC US Mobile Catering,MARIN ST: KANSAS ST to HWY 101 N ON RAMP (2500 - 2599),2590 MARIN ST,37.74837583,-122.4032006
Golden Gate Halal Food,MARKET ST: 07TH ST \ CHARLES J BRENHAM PL to 08TH ST \ GROVE ST \ HYDE ST (1101 - 1199) -- SOUTH --,1169 MARKET ST,0,0
Authentic India,MARKET ST: 09TH ST \ LARKIN ST to 10TH ST \ FELL ST \ POLK ST (1301 - 1399) -- SOUTH --,1355 MARKET ST,37.77673621,-122.4163949
San Francisco's Hometown Creamery,POST ST: MONTGOMERY ST to LICK PL (1 - 40),1 MONTGOMERY ST,37.78924953,-122.4024186
Plaza Garibaldy,MONTGOMERY ST: POST ST to SUTTER ST (1 - 99),1 MONTGOMERY ST,37.78924953,-122.4024186
Eva's Catering,ORTEGA ST: 18TH AVE to 19TH AVE (1100 - 1199),1900 19TH AVE,37.75212416,-122.4758723
Eva's Catering,ORTEGA ST: 18TH AVE to 19TH AVE (1100 - 1199),1199 ORTEGA ST,37.78350912,-122.4900712
Eva's Catering,BRANNAN ST: 05TH ST to 06TH ST \ I-280 NORTHBOUND \ I-280 SOUTHBOUND (600 - 699),630 BRANNAN ST,37.77609875,-122.4002872
Star Taco,HOWARD ST: MALDEN ALY to 02ND ST (574 - 599),580 HOWARD ST,37.78730425,-122.3980373
Mini Mobile Food Catering,FREMONT ST: FOLSOM ST to HARRISON ST \ I-80 W OFF RAMP (300 - 399),350 FREMONT ST,37.78707653,-122.3929826
Cochinita,BEALE ST: BRYANT ST \ DELANCEY ST to END (500 - 599),501 BEALE ST,37.78623677,-122.3890662
Cochinita,BRYANT ST: 04TH ST \ I-80 E OFF RAMP to 05TH ST \ I-80 E ON RAMP (600 - 699),617 BRYANT ST,37.77905111,-122.3983039
Mini Mobile Food Catering,BERRY ST: 05TH ST to 06TH ST (300 - 399),355 BERRY ST,37.77236391,-122.397041
Mini Mobile Food Catering,08TH ST: HERON ST to HARRISON ST (350 - 399),350 08TH ST,37.77369415,-122.4096584
Eva's Catering,05TH ST: WELSH ST to BRANNAN ST (530 - 599),530 05TH ST,37.77687639,-122.4002596
Mini Mobile Food Catering,HARRISON ST: BEALE ST to FREMONT ST \ I-80 W OFF RAMP (300 - 399),355 FREMONT ST,37.78732242,-122.3922237
Mini Mobile Food Catering,FOLSOM ST: 12TH ST to 13TH ST (1600 - 1699),1690 FOLSOM ST,37.77013758,-122.4159834
Mini Mobile Food Catering,01ST ST: CLEMENTINA ST to FOLSOM ST (245 - 299),245 01ST ST,37.7879001,-122.394594
Mini Mobile Food Catering,16TH ST: OWENS ST to 07TH ST \ MISSISSIPPI ST (700 - 899),701 16TH ST,0,0
"BOWL'D ACAI, LLC.",LARKIN ST: FULTON ST to MCALLISTER ST (200 - 299),200 LARKIN ST,37.78021548,-122.4160258
"BOWL'D ACAI, LLC.",BATTERY ST: PINE ST to CALIFORNIA ST (100 - 199),111 BATTERY ST,37.79236679,-122.4001483
Alfaro Truck,VALENCIA ST: 14TH ST to ROSA PARKS LN (300 - 337),306 VALENCIA ST,37.76785527,-122.4224844
"BOWL'D ACAI, LLC.",MONTGOMERY ST: CALIFORNIA ST to SACRAMENTO ST (400 - 499),451 MONTGOMERY ST,37.79357693,-122.4032299
Plaza Garibaldy,CALIFORNIA ST: LEIDESDORFF ST to MONTGOMERY ST (449 - 499),475 CALIFORNIA ST,37.79234639,-122.4023853
"San Francisco Street Foods, Inc.",POST ST: KEARNY ST to ROBERT KIRK LN (100 - 140),100 POST ST,37.78923328,-122.4055791
"San Francisco Street Foods, Inc.",HOWARD ST: 03RD ST to 04TH ST (700 - 799),701 HOWARD ST,37.78351335,-122.4008134
Mini Mobile Food Catering,ALAMEDA ST: HAMPSHIRE ST to BRYANT ST (2400 - 2599),Assessors Block 3905/Lot011,37.76855707,-122.4096102
Mini Mobile Food Catering,11TH ST: FOLSOM ST to HARRISON ST (300 - 399),355 11TH ST,37.77146722,-122.4128723
Mini Mobile Food Catering,MENDELL ST: GALVEZ AVE to HUDSON AVE (600 - 699),620 MENDELL ST,37.73937867,-122.3863379
Mini Mobile Food Catering,BERRY ST: 06TH ST to KING ST (400 - 431),420 BERRY ST,37.77200866,-122.3990838
Mini Mobile Food Catering,KANSAS ST: CESAR CHAVEZ ST to MARIN ST (1600 - 1699),Assessors Block 4341/Lot001,37.74895036,-122.4014932
Mini Mobile Food Catering,FREMONT ST: END to NATOMA ST (116 - 169),147 FREMONT ST,37.79018557,-122.3954717
Mini Mobile Food Catering,LOOMIS ST: FLOWER ST to WATERLOO ST (120 - 255),491 BAY SHORE BLVD,0,0
Cochinita,07TH AVE: LINCOLN WAY to HUGO ST (1200 - 1246),1219 07TH AVE,37.76549699,-122.4645976
Mini Mobile Food Catering,HARRISON ST: FREMONT ST \ I-80 W OFF RAMP to 01ST ST \ I-80 E ON RAMP (400 - 499),401 HARRISON ST,0,0
Eva's Catering,INGALLS ST: CARROLL AVE to DONNER AVE (2600 - 2699),2600 INGALLS ST,37.72262922,-122.3900618
Eva's Catering,20TH AVE: LAWTON ST to MORAGA ST (1600 - 1699),1650 20TH AVE,37.75798419,-122.4334658
"San Francisco Street Foods, Inc.",NEW MONTGOMERY ST: MARKET ST \ MONTGOMERY ST intersection,2 MONTGOMERY ST,37.78939198,-122.4018247
Eva's Catering,ORTEGA ST: 18TH AVE to 19TH AVE (1100 - 1199),1100 ORTEGA ST,37.75266052,-122.4754735
Eva's Catering,EVANS AVE: NAPOLEON ST \ TOLAND ST to MARIN ST (2000 - 2099),2045 EVANS AVE,37.74777209,-122.3970317
Plaza Garibaldy,HOWARD ST: 01ST ST to MALDEN ALY (500 - 589),540 HOWARD ST,37.78795496,-122.3972365
Golden Gate Halal Food,MARKET ST: MASON ST \ TURK ST to 06TH ST \ GOLDEN GATE AVE \ TAYLOR ST (943 - 999) -- SOUTH --,979 MARKET ST,37.78228077,-122.4095312
San Francisco's Hometown Creamery,CALIFORNIA ST: SANSOME ST to LEIDESDORFF ST (400 - 448),425 CALIFORNIA ST,37.79279574,-122.4013533
"San Francisco Street Foods, Inc.",SACRAMENTO ST: FRONT ST to BATTERY ST (300 - 399),1 THE EMBARCADERO,37.79464383,-122.3996443
"San Francisco Street Foods, Inc.",DRUMM ST: CALIFORNIA ST intersection,5 THE EMBARCADERO,37.794331,-122.3958111
"Bay Area Dots, LLC",TAYLOR ST: BAY ST intersection,567 BAY ST,0,0
"Bay Area Dots, LLC",BEACH ST: HYDE ST to LARKIN ST (700 - 799),900 BEACH ST,37.80774329,-122.4241499
DO UC US Mobile Catering,PARNASSUS AVE: HILLWAY AVE to 03RD AVE (400 - 599),400 PARNASSUS AVE,37.76386403,-122.4583917
Cochinita,DIVISADERO ST: MCALLISTER ST to GOLDEN GATE AVE (901 - 999) -- WEST --,999 DIVISADERO ST,37.7783843,-122.4387824
Street Meet,MINNESOTA ST: 04TH ST \ MARIPOSA ST to 18TH ST (500 - 599),777 MARIPOSA ST,37.76381128,-122.3912654
Papalote Inc.,SPEAR ST: MARKET ST to MISSION ST (1 - 99),60 SPEAR ST,37.79253599,-122.3945932
DO UC US Mobile Catering,04TH ST: MISSION BAY BLVD to NELSON RISING LN (1400 - 1499),1420 04TH ST,37.76989775,-122.3910983
Treats by the Bay LLC,ELLIS ST: POWELL ST to CYRIL MAGNIN ST (100 - 148),120 ELLIS ST,37.78561009,-122.4081548
Lerso,MISSION ST: 10TH ST to 11TH ST (1400 - 1499),1450 MISSION ST,37.77522831,-122.4174661
Treats by the Bay LLC,04TH ST: NELSON RISING LN to GENE FRIEND WAY (1500 - 1599),1550 04TH ST,37.76912441,-122.3914749
Senor Sisig,ELLIS ST: POWELL ST to CYRIL MAGNIN ST (100 - 148),120 ELLIS ST,37.78561009,-122.4081548
Senor Sisig,PINE ST: SANSOME ST to CENTURY PL (300 - 340),300 PINE ST,0,0
FRUITYMANIA,MARKET ST: 04TH ST \ ELLIS ST \ STOCKTON ST to POWELL ST (800 - 890) -- NORTH --,870 MARKET ST,37.78511092,-122.4074227
"Bay Area Mobile Catering, Inc. dba. Taqueria Angelica's",CESAR CHAVEZ ST: INDIANA ST to IOWA ST (1300 - 1399),1301 CESAR CHAVEZ ST,37.74925586,-122.3909754
"Bay Area Mobile Catering, Inc. dba. Taqueria Angelica's",FOLSOM ST: 11TH ST to NORFOLK ST (1500 - 1548),1501 FOLSOM ST,37.7715867,-122.414007
"Bay Area Mobile Catering, Inc. dba. Taqueria Angelica's",25TH ST: ALABAMA ST to HARRISON ST (3042 - 3099),3065 25TH ST,37.75093165,-122.41142
"Bay Area Mobile Catering, Inc. dba. Taqueria Angelica's",MISSION ST: 10TH ST to 11TH ST (1400 - 1499),1455 MARKET ST,37.77522831,-122.4174661
Senor Sisig,10TH ST: FELL ST \ MARKET ST \ POLK ST to END (1 - 18),8 10TH ST,37.77582552,-122.4172496
Senor Sisig,MISSION ST: 05TH ST to MINT ST (900 - 930),901 MISSION ST,37.78215364,-122.4066011
Senor Sisig,BROADWAY: DAVIS ST to FRONT ST (50 - 99),90 BROADWAY,37.79926011,-122.3996179
Golden Catering,EXECUTIVE PARK BLVD: EMERALD COVE WAY to CANDLESTICK COVE WAY (101 - 137),101 EXECUTIVE PARK BLVD,0,0
Papalote Inc.,HOWARD ST: FREMONT ST to 01ST ST (400 - 499),400 HOWARD ST,37.78911921,-122.395881
Senor Sisig,02ND ST: MISSION ST to MINNA ST (100 - 130),120 02ND ST,37.78751406,-122.3995663
Senor Sisig,CALIFORNIA ST: DAVIS ST to FRONT ST (100 - 199),101 CALIFORNIA ST,37.79294895,-122.3980986
Senor Sisig,FRONT ST: BROADWAY to VALLEJO ST (800 - 899),90 BROADWAY,37.79926011,-122.3996179
Treats by the Bay LLC,MARKET ST: STEUART ST to SPEAR ST (1 - 99) -- SOUTH --,1 MARKET ST,37.79387151,-122.3948652
"The New York Frankfurter Co. of CA, Inc. DBA: Annie's Hot Dogs",STOCKTON ST: 04TH ST \ ELLIS ST \ MARKET ST intersection,800 MARKET ST,37.78546975,-122.4066158
San Francisco's Hometown Creamery,GEARY ST: STOCKTON ST to POWELL ST (200 - 299),281 GEARY ST,37.78713649,-122.4077185
Golden Catering,CRESCENT AVE: ANDERSON ST to ELLSWORTH ST (600 - 699),601 CRESCENT AVE,37.7350053,-122.4154174
FRUITYMANIA,MARKET ST: 04TH ST \ ELLIS ST \ STOCKTON ST to POWELL ST (801 - 863) -- SOUTH --,801 MARKET ST,37.78499028,-122.4056766
"The New York Frankfurter Co. of CA, Inc. DBA: Annie's Hot Dogs",MARKET ST: 04TH ST \ ELLIS ST \ STOCKTON ST to POWELL ST (800 - 890) -- NORTH --,870 MARKET ST,37.78511092,-122.4074227
Giant Burrito,GENEVA AVE: PRAGUE ST to LINDA VISTA STPS (1500 - 1598) -- SOUTH --,1500 GENEVA AVE,37.7123026,-122.4316442
Faith Sandwich,MISSION ST: SHAW ALY to ANTHONY ST (543 - 586),560 MISSION ST,37.78886472,-122.3993594
Curry Up Now,,225 BUSH ST,37.79083842,-122.4011604
DO UC US Mobile Catering,03RD ST: MISSION BAY BLVD to WARRIORS WAY (1401 - 1599) -- EAST --,1501 03RD ST,37.77089223,-122.3891692
Golden Catering,BAY SHORE BLVD: LELAND AVE to VISITACION AVE (2401 - 2499) -- EAST --,2401 BAY SHORE BLVD,37.71093379,-122.4027845
Los 2 Cuates,MARIPOSA ST: ARKANSAS ST to CAROLINA ST (1500 - 1699),1601 MARIPOSA ST,0,0
Golden Catering,EXECUTIVE PARK BLVD: CRESCENT WAY to HARNEY WAY (300 - 399),301 EXECUTIVE PARK BLVD,37.71163228,-122.3900163
Buenafe,MISSISSIPPI ST: 07TH ST \ 16TH ST to 17TH ST (1 - 99),901 16TH ST,37.76612469,-122.3954731
Golden Catering,JAMESTOWN AVE: GRIFFITH ST to CORONADO ST (800 - 850),835 JAMESTOWN AVE,37.71717416,-122.3922225
Union Square Business Improvement District,MAIDEN LN: GRANT AVE to STOCKTON ST (100 - 199),Assessors Block /Lot,0,0
Los 2 Cuates,SPEAR ST: MISSION ST to HOWARD ST (100 - 199),100 SPEAR ST,37.79215055,-122.394
JapaCurry,MISSION ST: 02ND ST to NEW MONTGOMERY ST (600 - 634),602 MISSION ST,37.78797328,-122.400185
Giant Burrito,BAY SHORE BLVD: FLOWER ST to CORTLAND AVE (341 - 489) -- EAST --,353 BAY SHORE BLVD,37.74171783,-122.405418
"The New York Frankfurter Co. of CA, Inc. DBA: Annie's Hot Dogs",STOCKTON ST: OFARRELL ST to GEARY ST (100 - 199),101 STOCKTON ST,37.78685611,-122.4068919
Cochinita,02ND ST: BRYANT ST to TABER PL (500 - 518),501 02ND ST,37.7831711,-122.392901
JapaCurry,SANSOME ST: PINE ST to CALIFORNIA ST (200 - 299),217 SANSOME ST,37.79238986,-122.4012697
JapaCurry,HOWARD ST: FREMONT ST to 01ST ST (400 - 499),400 HOWARD ST,37.78911921,-122.395881
Curry Up Now,WASHINGTON ST: DRUMM ST intersection,370 DRUMM ST,37.79691371,-122.3966507
Isidoro Serrano,21ST ST: CAPP ST to MISSION ST (3150 - 3199),2501 MISSION ST,37.75687745,-122.4185799
"Expresso Subito, LLC.",FRONT ST: CALIFORNIA ST to HALLECK ST (200 - 234),150 CALIFORNIA ST,37.79367338,-122.3984635
"Expresso Subito, LLC.",MISSION ST: ANTHONY ST to 02ND ST (573 - 599),85 02ND ST,37.78845703,-122.3998842
Shah's Halal Food,MARKET ST: BATTERY ST to SUTTER ST (540 - 558) -- NORTH --,532 MARKET ST,37.79054832,-122.4003337
Liang Bai Ping,PALOU AVE: END to GRIFFITH ST (904 - 999),Assessors Block /Lot,0,0
"Expresso Subito, LLC.",CALIFORNIA ST: DAVIS ST to FRONT ST (100 - 199),150 CALIFORNIA ST,37.79367338,-122.3984635
Cochinita,BRANNAN ST: ZOE ST to 04TH ST (440 - 499),490 BRANNAN ST,37.77886314,-122.3964444
"Off the Grid Services, LLC",BRANNAN ST: STANFORD ST to JACK LONDON ALY (324 - 353),340 BRANNAN ST,37.78126469,-122.393229
Cochinita,TOWNSEND ST: LUSK ST to 04TH ST (252 - 299),290 TOWNSEND ST,37.77775522,-122.3948078
Natan's Catering,,Assessors Block 8722/Lot003,37.76743302,-122.3921491
Natan's Catering,23RD ST: END to ILLINOIS ST (100 - 699),435 23RD ST,37.75503073,-122.3845307
"Off the Grid Services, LLC",BRANNAN ST: 04TH ST to 05TH ST (500 - 599),525 BRANNAN ST,37.77751326,-122.3970441
Think is Good Inc.,PINE ST: FRONT ST to BATTERY ST (100 - 199),100 PINE ST,37.79264072,-122.3989703
MOMO INNOVATION LLC,MISSION ST: SHAW ALY to ANTHONY ST (543 - 586),555 MISSION ST,37.78844616,-122.3986412
MOMO INNOVATION LLC,BUSH ST: BATTERY ST to SANSOME ST (100 - 199),1 BUSH ST,37.79092151,-122.4001004
Think is Good Inc.,MISSION ST: SHAW ALY to ANTHONY ST (543 - 586),560 MISSION ST,37.78886472,-122.3993594
Think is Good Inc.,CALIFORNIA ST: SANSOME ST to LEIDESDORFF ST (400 - 448),430 CALIFORNIA ST,37.79326221,-122.4017891
Faith Sandwich,MAIN ST: MARKET ST to MISSION ST (1 - 99),58 MAIN ST,37.79210934,-122.3958039
Tacos Lol-Tun,ARMSTRONG AVE: KEITH ST to 03RD ST (1600 - 1699),1610 ARMSTRONG AVE,37.72659436,-122.3923556
Flavors of Africa,HOWARD ST: FREMONT ST to 01ST ST (400 - 499),405 HOWARD ST,37.78853001,-122.3951443
Flavors of Africa,MISSION ST: SHAW ALY to ANTHONY ST (543 - 586),555 MISSION ST,37.78844616,-122.3986412
Natan's Catering,,Assessors Block 4172/Lot010,37.75712456,-122.3885295
Natan's Catering,,1650 03RD ST,37.76912441,-122.3914749
Natan's Catering,,Assessors Block 4103/Lot023A,37.7583034,-122.3935141
Tacos El Ojo De Agua,03RD ST: SOUTH PARK to VARNEY PL (548 - 586),551 03RD ST,37.78064721,-122.3946292
Natan's Catering,QUINT ST: ARTHUR AVE to CUSTER AVE (1 - 199),50 QUINT ST,37.74647051,-122.3889908
Natan's Catering,ILLINOIS ST: 25TH ST to END (1500 - 1599),Assessors Block 4296/Lot010,37.75240499,-122.3870002
Natan's Catering,ALEMANY BLVD: FOLSOM ST to ELLSWORTH ST \ I-280 S OFF RAMP \ I-280 S ON RAMP (400 - 498) -- NORTH --,400 ALEMANY BLVD,37.7331424,-122.4145686
Natan's Catering,03RD ST: MARIN ST to ARTHUR AVE \ CARGO WAY (3201 - 3399) -- EAST --,3201 03RD ST,37.74844534,-122.386879
Natan's Catering,,Assessors Block 5598/Lot031,37.74030387,-122.4060597
Natan's Catering,25TH ST: MARYLAND ST to MICHIGAN ST (400 - 699),Assessors Block 4241/Lot002,37.75334,-122.3841284
Natan's Catering,07TH ST: HOOPER ST to IRWIN ST (1100 - 1199),1140 07TH ST,37.76824939,-122.3984307
Natan's Catering,16TH ST: 04TH ST to OWENS ST (600 - 699),600 16TH ST,37.76746629,-122.3908603
Natan's Catering,EVANS AVE: NAPOLEON ST \ TOLAND ST to MARIN ST (2000 - 2099),2045 EVANS AVE,37.74777209,-122.3970317
Natan's Catering,BURKE AVE: END to 03RD ST (1500 - 1599),1580 BURKE AVE,37.74475219,-122.3856792
Natan's Catering,CESAR CHAVEZ ST: 03RD ST to TENNESSEE ST (1000 - 1099),Assessors Block 4315/Lot03008,0,0
Natan's Catering,,Assessors Block 4046/Lot001,37.76200846,-122.3854418
Flavors of Africa,MISSION ST: SHAW ALY to ANTHONY ST (543 - 586),560 MISSION ST,37.78886472,-122.3993594
Natan's Catering,,Assessors Block 4058/Lot010,37.76118299,-122.3881187
Natan's Catering,HARRISON ST: MERLIN ST to OAK GROVE ST (924 - 950),950 HARRISON ST,37.77838862,-122.4031918
Natan's Catering,MENDELL ST: CARGO WAY to NEWHALL ST (1 - 199),151 MENDELL ST,37.74282023,-122.3828474
Natan's Catering,,Assessors Block 7295/Lot022,37.73000368,-122.4781863
Natan's Catering,03RD ST: 18TH ST to 19TH ST (2101 - 2199) -- EAST --,2101 03RD ST,0,0
Natan's Catering,POTRERO AVE: 10TH ST \ BRANNAN ST \ DIVISION ST to ALAMEDA ST (1 - 99),66 POTRERO AVE,37.76854329,-122.4084929
Natan's Catering,26TH ST: RHODE ISLAND ST to KANSAS ST (2200 - 2299),Assessors Block 4281a/Lot012A,37.75076077,-122.4015403
Natan's Catering,CONNECTICUT ST: 17TH ST to MARIPOSA ST (100 - 199),146 CONNECTICUT ST,37.7644473,-122.3979874
Natan's Catering,,Assessors Block 4227/Lot012,37.75315511,-122.3911742
Natan's Catering,,Assessors Block 5216/Lot030,37.74540643,-122.3900812
Natan's Catering,EVANS AVE: RANKIN ST to SELBY ST (1800 - 1890),1801 EVANS AVE,37.7445912,-122.3930769
Natan's Catering,,Assessors Block 5369/Lot003,37.73811777,-122.4044185
Natan's Catering,MISSOURI ST: 20TH ST to SIERRA ST (500 - 630),555 MISSOURI ST,37.75930377,-122.3959022
Natan's Catering,HARRISON ST: 26TH ST to KAMILLE CT (3000 - 3048),3040 HARRISON ST,37.74884806,-122.412619
Natan's Catering,MISSION BAY BLVD SOUTH: 03RD ST \ MISSION BAY BLVD to 04TH ST \ MISSION BAY BLVD (501 - 599),Assessors Block 8732/Lot001,37.77070298,-122.3907904
Natan's Catering,17TH ST: MISSION ST to HOFF ST (3300 - 3343),3335 17TH ST,37.76315639,-122.4203222
Natan's Catering,MARIN ST: END to MICHIGAN ST (800 - 899),888 MARIN ST,37.74945833,-122.3850813
Natan's Catering,ILLINOIS ST: MARIPOSA ST \ TERRY A FRANCOIS BLVD to 18TH ST (600 - 699),Assessors Block 3941/Lot001,37.76474132,-122.3871248
Natan's Catering,KANSAS ST: 16TH ST to 17TH ST (300 - 399),350 KANSAS ST,37.76537067,-122.4039078
Natan's Catering,,Assessors Block 8722/Lot001,37.76799555,-122.3875494
Paradise Catering,HOWARD ST: 08TH ST to 09TH ST (1200 - 1299),1252 HOWARD ST,37.77572548,-122.4126561
Paradise Catering,09TH ST: BRYANT ST \ HWY 101 N OFF RAMP to BRANNAN ST (500 - 599),555 09TH ST,37.7710278,-122.4073142
Paradise Catering,MISSION ST: 06TH ST to 07TH ST (1000 - 1099),1023 MISSION ST,37.78021594,-122.4090575
Paradise Catering,FOLSOM ST: FALMOUTH ST to 06TH ST (947 - 999),965 FOLSOM ST,37.77900127,-122.4044851
Paradise Catering,MISSION ST: 07TH ST to ANGELOS ALY \ JULIA ST (1100 - 1165),1131 MISSION ST,37.77838536,-122.4113825
Paradise Catering,10TH ST: FOLSOM ST to SHERIDAN ST (300 - 353),340 10TH ST,37.77200984,-122.4124628
Paradise Catering,HARRISON ST: ESSEX ST \ I-80 E ON RAMP to 02ND ST (550 - 599),575 HARRISON ST,37.78442049,-122.3943806
Paradise Catering,FOLSOM ST: SHERMAN ST to MOSS ST (1061 - 1078),1069 FOLSOM ST,37.77704788,-122.4070351
Paradise Catering,CLEMENTINA ST: 01ST ST to ECKER ST (1 - 37),19 CLEMENTINA ST,37.78715774,-122.3954476
Paradise Catering,MINNA ST: 07TH ST to JULIA ST (600 - 666),621 MINNA ST,37.77823284,-122.410823
Paradise Catering,GEARY ST: HYDE ST to LARKIN ST (800 - 899),855 GEARY ST,37.78591569,-122.4173023
Paradise Catering,FRANKLIN ST: HAYES ST to IVY ST (300 - 348),300 FRANKLIN ST,37.77765784,-122.4206523
Paradise Catering,FRANKLIN ST: FULTON ST to MCALLISTER ST (466 - 599),301 VAN NESS AVE,37.77905544,-122.4209352
Paradise Catering,07TH ST: CLEVELAND ST to HARRISON ST (314 - 399),370 07TH ST,37.77571286,-122.4069504
Paradise Catering,GRACE ST: MISSION ST to HOWARD ST (1 - 99),65 GRACE ST,37.77494453,-122.4144367
Paradise Catering,MISSION ST: 06TH ST to 07TH ST (1000 - 1099),1045 MISSION ST,37.77974457,-122.4096483
Paradise Catering,HARRIET ST: HOWARD ST to FOLSOM ST (1 - 99),15 HARRIET ST,37.77917621,-122.4072218
Paradise Catering,MINNA ST: 08TH ST to 09TH ST (700 - 799),786 MINNA ST,37.77622276,-122.4139073
Paradise Catering,MISSION ST: 07TH ST to ANGELOS ALY \ JULIA ST (1100 - 1165),1119 MISSION ST,37.77865151,-122.4112296
Paradise Catering,RUSS ST: TULIP ALY to NATOMA ST (20 - 39),25 RUSS ST,37.77946373,-122.408868
Paradise Catering,COLUMBIA SQUARE ST: FOLSOM ST to HARRISON ST (1 - 99),57 COLUMBIA SQUARE ST,37.77738315,-122.4054582
Paradise Catering,FOLSOM ST: DORE ST to 10TH ST (1345 - 1399),1398 FOLSOM ST,37.77309677,-122.4127451
Paradise Catering,CLAY ST: MONTGOMERY ST to KEARNY ST (600 - 699),634 CLAY ST,37.794793,-122.4038639
Paradise Catering,BRANNAN ST: HARRIET ST to LUCERNE ST (715 - 743),732 BRANNAN ST,37.77423023,-122.4021022
Paradise Catering,HARRISON ST: MERLIN ST to OAK GROVE ST (924 - 950),938 HARRISON ST,0,0
Paradise Catering,03RD ST: MISSION BAY BLVD to WARRIORS WAY (1401 - 1599) -- EAST --,1455 03RD ST,37.77110994,-122.38919
Paradise Catering,DORE ST: HOWARD ST to FOLSOM ST (1 - 99),45 DORE ST,37.77407093,-122.412904
Paradise Catering,,Assessors Block /Lot,0,0
"Off the Grid Services, LLC",SANSOME ST: SUTTER ST to BUSH ST (1 - 99),1 BUSH ST,37.79092151,-122.4001004
Mike's Catering,BROADWAY: POWELL ST \ ROBERT C LEVY TUNL to MASON ST (800 - 898) -- NORTH --,860 BROADWAY,37.79757899,-122.4114399
Treats by the Bay LLC,POST ST: MONTGOMERY ST to LICK PL (1 - 40),1 MONTGOMERY ST,37.78924953,-122.4024186
Datam SF LLC dba Anzu To You,TAYLOR ST: BAY ST to NORTH POINT ST (2500 - 2599),2535 TAYLOR ST,37.80588535,-122.4159452
May Catering,04TH ST: CHINA BASIN ST to MISSION BAY BLVD (1300 - 1399),1322 04TH ST,37.76387076,-122.4606006
Park's Catering,PHELPS ST: FAIRFAX AVE to SAM JORDANS WAY (500 - 599),525 PHELPS ST,37.74176065,-122.389098
Park's Catering,RANKIN ST: DAVIDSON AVE to EVANS AVE (200 - 299),220 RANKIN ST,37.74646979,-122.3915152
Wu Wei LLC dba MoBowl,STEUART LN: HOWARD ST \ STEUART ST to END (200 - 299),75 HOWARD ST,37.79155786,-122.3916715
Treats by the Bay LLC,MARKET ST: DOLORES ST to 14TH ST (2001 - 2085) -- SOUTH --,2029 MARKET ST,37.76831006,-122.4274165
MOMO INNOVATION LLC,CALIFORNIA ST: DAVIS ST to FRONT ST (100 - 199),101 CALIFORNIA ST,37.79294895,-122.3980986
MOMO INNOVATION LLC,PINE ST: FRONT ST to BATTERY ST (100 - 199),160 PINE ST,37.79252494,-122.3994158
Mike's Catering,ILLINOIS ST: 16TH ST to MARIPOSA ST \ TERRY A FRANCOIS BLVD (400 - 599),409 ILLINOIS ST,0,0
Park's Catering,EVANS AVE: HUNTERS POINT BLVD to JENNINGS ST \ MIDDLE POINT RD (1031 - 1099),1000 EVANS AVE,37.73772687,-122.3765729
Mike's Catering,BROADWAY: BATTERY ST to SANSOME ST (200 - 299),250 BROADWAY,37.79875494,-122.4017988
Mike's Catering,INDIANA ST: 23RD ST to 25TH ST \ I-280 N ON RAMP (1200 - 1399),Assessors Block 4228/Lot080,37.75367998,-122.3904145
Quan Catering,03RD ST: 25TH ST to 26TH ST (2900 - 2998) -- WEST --,2920 03RD ST,37.75197163,-122.3879655
Park's Catering,BURKE AVE: END to 03RD ST (1500 - 1599),1575 BURKE AVE,37.74417845,-122.3867159
Mike's Catering,STANFORD ST: BRANNAN ST to TOWNSEND ST (1 - 100),Assessors Block 3788/Lot002,37.78107468,-122.3917057
Park's Catering,NEWHALL ST: MENDELL ST to EVANS AVE (200 - 399),220 NEWHALL ST,37.74301425,-122.3844602
Quan Catering,BRYANT ST: 04TH ST \ I-80 E OFF RAMP to 05TH ST \ I-80 E ON RAMP (600 - 699),645 BRYANT ST,37.77826658,-122.3988359
Mike's Catering,CESAR CHAVEZ ST: EVANS AVE to KANSAS ST (2100 - 2550),2323 CESAR CHAVEZ ST,37.74880138,-122.4005525
May Catering,YORK ST: 18TH ST to 19TH ST (600 - 699),620 YORK ST,37.76157185,-122.4094447
Quan Catering,ALANA WAY: COUNTY LINE intersection,151 EXECUTIVE PARK BLVD,0,0
Park's Catering,INNES AVE: ARELIOUS WALKER DR to GRIFFITH ST (800 - 899),Assessors Block 4645/Lot015,37.73213495,-122.3753981
Quan Catering,ALABAMA ST: TREAT AVE to 15TH ST (201 - 212),201 ALABAMA ST,37.76779784,-122.4120963
Quan Catering,LANE ST: VAN DYKE AVE to 03RD ST (2100 - 2199),2111 LANE ST,37.72878796,-122.3922948
Park's Catering,03RD ST: EVANS AVE to FAIRFAX AVE (3801 - 3899) -- EAST --,3801 03RD ST,37.74102621,-122.3877929
Park's Catering,MARIN ST: KANSAS ST to HWY 101 N ON RAMP (2500 - 2599),2525 MARIN ST,37.74761607,-122.401977
Mike's Catering,CHINA BASIN ST: TERRY A FRANCOIS BLVD to 03RD ST (300 - 499),435 CHINA BASIN ST,0,0
Park's Catering,MISSISSIPPI ST: END to CESAR CHAVEZ ST (1200 - 1299),1200 MISSISSIPPI ST,37.75169104,-122.3943742
Mike's Catering,CHINA BASIN ST: TERRY A FRANCOIS BLVD to 03RD ST (300 - 499),Assessors Block 8720/Lot009,37.77215224,-122.387743
CARDONA'S FOOD TRUCK,MISSION ST: 14TH ST to 15TH ST (1800 - 1899),1800 MISSION ST,37.76781718,-122.4205753
Two G's Catering,BERRY ST: 04TH ST to 05TH ST (200 - 299),201 BERRY ST,37.77556615,-122.3932798
Two G's Catering,ILLINOIS ST: 16TH ST to MARIPOSA ST \ TERRY A FRANCOIS BLVD (400 - 599),409 ILLINOIS ST,0,0
Two G's Catering,TOWNSEND ST: 06TH ST to 07TH ST (500 - 599),516 TOWNSEND ST,37.77344521,-122.4004826
Two G's Catering,WILLIAMS AVE: CERES ST to MENDELL ST (65 - 99),71 WILLIAMS AVE,37.72922334,-122.3946131
Two G's Catering,03RD ST: WARRIORS WAY to 16TH ST (1601 - 1799) -- EAST --,1799 03RD ST,37.76799555,-122.3875494
Two G's Catering,INDIANA ST: 20TH ST to 22ND ST (800 - 999),975 INDIANA ST,37.75816994,-122.3909006
Two G's Catering,08TH ST: BRYANT ST to BRANNAN ST (500 - 599),599 08TH ST,37.77186823,-122.4056576
Two G's Catering,TERRY A FRANCOIS BLVD: MISSION BAY BLVD to MISSION BAY BLVD (0 - 0),Assessors Block 8720/Lot008,37.77115804,-122.3869313
Two G's Catering,BRYANT ST: KATE ST to DECATUR ST (940 - 983),950 BRYANT ST,37.77361098,-122.4059584
Two G's Catering,BEALE ST: DAVIS ST \ MARKET ST \ PINE ST to MISSION ST (1 - 99),30 BEALE ST,37.79177708,-122.3971325
Two G's Catering,25TH ST: MINNESOTA ST to I-280 N ON RAMP \ INDIANA ST (1100 - 1199),1150 25TH ST,37.75313904,-122.3902468
CARDONA'S FOOD TRUCK,MISSION ST: 14TH ST to 15TH ST (1800 - 1899),1888 MISSION ST,37.7668976,-122.4203225
Two G's Catering,CHINA BASIN ST: TERRY A FRANCOIS BLVD to 03RD ST (300 - 499),435 CHINA BASIN ST,0,0
"Off the Grid Services, LLC",04TH ST: HOWARD ST to CLEMENTINA ST (200 - 267),250 04TH ST,37.78236012,-122.402096
"Off the Grid Services, LLC",BERRY ST: 03RD ST to 04TH ST (100 - 199),185 BERRY ST,37.77632715,-122.3917968
"Off the Grid Services, LLC",BERRY ST: 03RD ST to 04TH ST (100 - 199),185 BERRY ST,37.77632715,-122.3917968
"Off the Grid Services, LLC",BROADWAY: DAVIS ST to FRONT ST (50 - 99),90 BROADWAY,37.79926011,-122.3996179
Two G's Catering,BRYANT ST: LANGTON ST to KATE ST (920 - 977),945 BRYANT ST,37.77309408,-122.4051459
Mike's Catering,CESAR CHAVEZ ST: EVANS AVE to KANSAS ST (2100 - 2550),2200 CESAR CHAVEZ ST,37.75004883,-122.3996721
Park's Catering,EVANS AVE: NAPOLEON ST \ TOLAND ST to MARIN ST (2000 - 2099),2020 EVANS AVE,0,0
Quan Catering,BRANNAN ST: HARRIET ST to LUCERNE ST (715 - 743),722 BRANNAN ST,37.77444911,-122.4020872
Park's Catering,NEWHALL ST: MENDELL ST to EVANS AVE (200 - 399),330 NEWHALL ST,37.74298987,-122.3867733
Park's Catering,CESAR CHAVEZ ST: EVANS AVE to KANSAS ST (2100 - 2550),2323 CESAR CHAVEZ ST,37.74880138,-122.4005525
Park's Catering,NAPOLEON ST: EVANS AVE \ TOLAND ST to JERROLD AVE (25 - 299),190 NAPOLEON ST,37.74758628,-122.3988657
Quan Catering,CESAR CHAVEZ ST: CONNECTICUT ST to EVANS AVE (1900 - 2099),2190 CESAR CHAVEZ ST,37.75023688,-122.397818
Quan Catering,SELBY ST: HUDSON AVE to INNES AVE (500 - 599),500 SELBY ST,37.74449821,-122.3969554
Park's Catering,03RD ST: ARTHUR AVE \ CARGO WAY to BURKE AVE (3400 - 3498) -- WEST --,3450 03RD ST,37.74572922,-122.3877977
Park's Catering,ARELIOUS WALKER DR: PALOU AVE to QUESADA AVE (1300 - 1399),Assessors Block 4755/Lot049,37.72638293,-122.3784348
Park's Catering,NAPOLEON ST: EVANS AVE \ TOLAND ST to JERROLD AVE (25 - 299),250 NAPOLEON ST,37.74675555,-122.4009063
Quan Catering,02ND ST: HOWARD ST to TEHAMA ST (200 - 227),222 02ND ST,37.7863198,-122.3982351
Quan Catering,BEALE ST: HARRISON ST to BRYANT ST \ DELANCEY ST (400 - 499),400 BEALE ST,37.78690492,-122.3909203
Park's Catering,INNES AVE: EARL ST to ARELIOUS WALKER DR (700 - 799),Assessors Block 4644/Lot008,37.73090615,-122.3733026
Ziaurehman Amini,MARKET ST: DRUMM ST intersection,5 THE EMBARCADERO,37.794331,-122.3958111
Park's Catering,LOOMIS ST: BARNEVELD AVE \ MCKINNON AVE to OAKDALE AVE (1 - 99),10 LOOMIS ST,37.74378392,-122.4037888
Quan Catering,CALIFORNIA ST: DRUMM ST to DAVIS ST (1 - 99),50 CALIFORNIA ST,37.79405318,-122.3973477
Mike's Catering,23RD ST: END to ILLINOIS ST (100 - 699),435 23RD ST,37.75503073,-122.3845307
Quan Catering,,3305 03RD ST,37.74383117,-122.3777974
Quan Catering,BAY SHORE BLVD: VISITACION AVE to SUNNYDALE AVE (2501 - 2599) -- EAST --,2555 BAY SHORE BLVD,37.70937546,-122.4041544
Quan Catering,CESAR CHAVEZ ST: INDIANA ST to IOWA ST (1300 - 1399),1301 CESAR CHAVEZ ST,37.74925586,-122.3909754
Mike's Catering,MINNESOTA ST: 24TH ST to 25TH ST (1300 - 1399),1310 MINNESOTA ST,37.7536999,-122.3900683
Mike's Catering,TERRY A FRANCOIS BLVD: MISSION BAY BLVD to MISSION BAY BLVD (0 - 0),Assessors Block 8722/Lot005,37.76964003,-122.3862367
Park's Catering,NEWHALL ST: MENDELL ST to EVANS AVE (200 - 399),300 NEWHALL ST,37.74322468,-122.385343
Quan Catering,BURKE AVE: END to 03RD ST (1500 - 1599),1575 BURKE AVE,37.74417845,-122.3867159
Park's Catering,DAVIDSON AVE: RANKIN ST to SELBY ST (1600 - 1699),1650 DAVIDSON AVE,37.7467113,-122.3921503
Park's Catering,EVANS AVE: RANKIN ST to SELBY ST (1800 - 1890),1801 EVANS AVE,37.7445912,-122.3930769
Quan Catering,03RD ST: ARTHUR AVE \ CARGO WAY to BURKE AVE (3401 - 3499) -- EAST --,3433 03RD ST,0,0
Park's Catering,BURKE AVE: END to 03RD ST (1500 - 1599),1555 BURKE AVE,37.74371348,-122.3859648
Park's Catering,BURKE AVE: END to 03RD ST (1500 - 1599),1570 BURKE AVE,37.74475219,-122.3856792
D & T Catering,WASHINGTON ST: MAPLE ST to CHERRY ST (3800 - 3899),3839 WASHINGTON ST,37.78858366,-122.4560599
Liang Bai Ping,PALOU AVE: END to GRIFFITH ST (904 - 999),931 PALOU AVE,37.72673391,-122.378972
Liang Bai Ping,MAIN ST: FOLSOM ST to HARRISON ST (300 - 399),201 FOLSOM ST,37.78814528,-122.3911819
"Chairman SF, LLC",02ND ST: BRANNAN ST to TOWNSEND ST (600 - 699),625 02ND ST,37.78168898,-122.3910618
Liang Bai Ping,HAWES ST: SHAFTER AVE to THOMAS AVE (1500 - 1599),1153 SHAFTER AVE,37.72648516,-122.3832325
Liang Bai Ping,REVERE AVE: GRIFFITH ST to CRISP RD (1100 - 1188),1145 REVERE AVE,37.72659048,-122.3817522
Philz Coffee Truck,MARINA BLVD: LAGUNA ST to BEACH ST \ BUCHANAN ST \ LOWER FORT MASON ST (1 - 99),15 MARINA BLVD,37.80457787,-122.4330108
BH & MT LLC,16TH ST: SPENCER ST to DOLORES ST (3220 - 3299),3253 16TH ST,37.76445952,-122.4251614
Philz Coffee Truck,PINE ST: BATTERY ST to SANSOME ST (200 - 299),250 PINE ST,37.7922956,-122.4007069
BH & MT LLC,GROVE ST: SCOTT ST to DIVISADERO ST (1200 - 1299),1265 GROVE ST,37.77577437,-122.4373316
MOMO INNOVATION LLC,CALIFORNIA ST: BATTERY ST to SANSOME ST (300 - 399),351 CALIFORNIA ST,37.79287075,-122.4007475
Philz Coffee Truck,MONTGOMERY ST: COLUMBUS AVE \ WASHINGTON ST to JACKSON ST (700 - 799),735 MONTGOMERY ST,37.7962155,-122.4037546
Philz Coffee Truck,CALIFORNIA ST: SANSOME ST to LEIDESDORFF ST (400 - 448),401 CALIFORNIA ST,37.79279574,-122.4013533
BH & MT LLC,OTIS ST: GOUGH ST \ MCCOPPIN ST to 13TH ST \ DUBOCE AVE \ HWY 101 NORTHBOUND RAMP \ MISSION ST (100 - 199),170 OTIS ST,0,0
BH & MT LLC,PRESIDIO AVE: POST ST to GEARY BLVD (900 - 999),949 PRESIDIO AVE,37.78392207,-122.4467216
Philz Coffee Truck,SUTTER ST: POWELL ST to MASON ST (500 - 599),556 SUTTER ST,37.78938545,-122.4095913
BH & MT LLC,GROVE ST: BRODERICK ST to BAKER ST (1400 - 1499),1477 GROVE ST,37.77529014,-122.4407312
BH & MT LLC,23RD ST: END to ILLINOIS ST (100 - 699),401 23RD ST,37.75503073,-122.3845307
Kettle Corn Star,MARKET ST: POWELL ST to 05TH ST \ CYRIL MAGNIN ST (865 - 899) -- SOUTH --,865 MARKET ST,37.78394691,-122.4071583
John's Catering #5,PINE ST: MONTGOMERY ST to BELDEN ST (400 - 489),555 CALIFORNIA ST,37.79226163,-122.403486
BH & MT LLC,MARKET ST: CHURCH ST to 15TH ST (2101 - 2195) -- SOUTH --,2145 MARKET ST,37.76662477,-122.4295112
MOMO INNOVATION LLC,MISSION ST: ANNIE ST to 03RD ST (663 - 699),667 MISSION ST,37.78655805,-122.4010334
BH & MT LLC,DOLORES ST: 14TH ST intersection,2001 MARKET ST,37.76832025,-122.4271106
Liang Bai Ping,FREMONT ST: NATOMA ST to HOWARD ST (170 - 199),Assessors Block 3720/Lot001,37.78969137,-122.3965956
Liang Bai Ping,DONNER AVE: INGALLS ST to JENNINGS ST (1400 - 1499),1475 CARROLL AVE,37.72325987,-122.3911729
Liang Bai Ping,QUESADA AVE: ARELIOUS WALKER DR to GRIFFITH ST (1000 - 1099),1031 QUESADA AVE,37.72578914,-122.3789727
Liang Bai Ping,GRIFFITH ST: SHAFTER AVE to THOMAS AVE (1500 - 1599),1515 GRIFFITH ST,37.72531943,-122.3813892
Liang Bai Ping,BANCROFT AVE: INGALLS ST to JENNINGS ST (1400 - 1499),1460 BANCROFT AVE,37.72441324,-122.3901572
Liang Bai Ping,UNDERWOOD AVE: INGALLS ST to JENNINGS ST (1300 - 1399),1389 UNDERWOOD AVE,37.72711043,-122.3882613
Liang Bai Ping,FELL ST: BRODERICK ST to BAKER ST (1300 - 1399),1377 FELL ST,37.77328794,-122.4400323
"Chairman SF, LLC",ELLIS ST: 04TH ST \ MARKET ST \ STOCKTON ST to POWELL ST (1 - 99),34 ELLIS ST,37.78756517,-122.4095928
May Catering,HARRISON ST: MARIPOSA ST to 18TH ST (2150 - 2198),2150 HARRISON ST,0,0
Liang Bai Ping,THOMAS AVE: GRIFFITH ST to HAWES ST (1100 - 1199),1180 THOMAS AVE,37.72612524,-122.3831993
Liang Bai Ping,WALLACE AVE: JENNINGS ST to KEITH ST (1500 - 1599),1500 WALLACE AVE,37.72672579,-122.3892499
"San Francisco Carts & Concessions, Inc. DBA Stanley's Steamers Hot Dogs",GEARY ST: STOCKTON ST to POWELL ST (200 - 299),251 GEARY ST,37.78717629,-122.4073981
Liang Bai Ping,JENNINGS ST: VAN DYKE AVE to WALLACE AVE (2100 - 2199),2115 JENNINGS ST,37.72672798,-122.3886584
Liang Bai Ping,YOSEMITE AVE: INGALLS ST to JENNINGS ST (1400 - 1499),1430 YOSEMITE AVE,37.72549805,-122.3883692
Liang Bai Ping,REVERE AVE: GRIFFITH ST to CRISP RD (1100 - 1188),1135 REVERE AVE,37.72647072,-122.3815412
D & T Catering,PACIFIC AVE: BRODERICK ST to BAKER ST (2900 - 2999),2940 PACIFIC AVE,37.79238544,-122.4439915
Liang Bai Ping,YOSEMITE AVE: INGALLS ST to JENNINGS ST (1400 - 1499),1420 YOSEMITE AVE,37.7251817,-122.3881927
"San Francisco Carts & Concessions, Inc. DBA Stanley's Steamers Hot Dogs",GEARY ST: STOCKTON ST to POWELL ST (200 - 299),233 GEARY ST,37.7872426,-122.4068797
Fresh Made Cafe,MISSION ST: 05TH ST to MINT ST (900 - 930),901 MISSION ST,37.78215364,-122.4066011
Liang Bai Ping,WALLACE AVE: INGALLS ST to JENNINGS ST (1400 - 1499),1450 WALLACE AVE,37.72614569,-122.3882277
Liang Bai Ping,BEALE ST: FOLSOM ST to HARRISON ST (300 - 399),300 BEALE ST,37.78813948,-122.3925795
D & T Catering,SCOTT ST: PACIFIC AVE to BROADWAY (2500 - 2599),2521 SCOTT ST,37.79332251,-122.4401193
Liang Bai Ping,BANCROFT AVE: JENNINGS ST to KEITH ST (1500 - 1599),1555 BANCROFT AVE,37.72439753,-122.3915051
Liang Bai Ping,THOMAS AVE: HAWES ST to INGALLS ST (1200 - 1299),1212 THOMAS AVE,37.72666477,-122.3841442
D & T Catering,GREEN ST: BAKER ST to LYON ST (2800 - 2899),2854 GREEN ST,37.79505143,-122.4461344
D & T Catering,SCOTT ST: VALLEJO ST to GREEN ST (2700 - 2799),2750 SCOTT ST,37.79531589,-122.4399079
La Jefa,BAY SHORE BLVD: WATERLOO ST to MARENGO ST (501 - 559) -- EAST --,531 BAY SHORE BLVD,37.7387268,-122.406736
D & T Catering,GREEN ST: SCOTT ST to DIVISADERO ST (2500 - 2599),2590 GREEN ST,37.79558565,-122.4417182
D & T Catering,VALLEJO ST: WEBSTER ST to FILLMORE ST (2200 - 2299),2201 VALLEJO ST,0,0
Liang Bai Ping,SHAFTER AVE: GRIFFITH ST to HAWES ST (1100 - 1199),1127 SHAFTER AVE,37.72594556,-122.3822812
Tacos Rodriguez,OAKDALE AVE: INDUSTRIAL ST \ SELBY ST to TOLAND ST (2100 - 2199),2198 OAKDALE AVE,37.74099474,-122.4011723
Liang Bai Ping,VAN DYKE AVE: INGALLS ST to JENNINGS ST (1300 - 1399),1337 VAN DYKE AVE,37.72624948,-122.3878154
"Chairman SF, LLC",MISSION ST: ECKER ST to SHAW ALY (521 - 548),536 MISSION ST,37.78924891,-122.398893
D & T Catering,PACIFIC AVE: LYON ST to PRESIDIO AVE \ PRESIDIO BLVD (3100 - 3199),3100 PACIFIC AVE,37.79202906,-122.4465769
Liang Bai Ping,OFARRELL ST: BRODERICK ST to SAINT JOSEPHS AVE (2200 - 2299),2200 OFARRELL ST,0,0
Liang Bai Ping,THOMAS AVE: HAWES ST to INGALLS ST (1200 - 1299),1265 THOMAS AVE,37.72670968,-122.3852947
Tacos El Flaco,03RD ST: 25TH ST to 26TH ST (2901 - 2999) -- EAST --,2901 03RD ST,37.75240499,-122.3870002
D & T Catering,JACKSON ST: MAPLE ST to CHERRY ST (3700 - 3799),3756 JACKSON ST,37.78990823,-122.4567625
Liang Bai Ping,YOSEMITE AVE: HAWES ST to INGALLS ST (1300 - 1399),1335 YOSEMITE AVE,37.72387884,-122.3870109
D & T Catering,BROADWAY: DIVISADERO ST to BRODERICK ST (2700 - 2799),2710 BROADWAY,37.79368135,-122.4420021
Tacos Rodriguez,EVANS AVE: KEITH ST to MENDELL ST (1201 - 1399) -- SOUTH --,1275 EVANS AVE,37.73911143,-122.382465
D & T Catering,BROADWAY: BAKER ST to LYON ST (2900 - 2999),2970 BROADWAY,37.79317664,-122.4460619
Liang Bai Ping,REVERE AVE: GRIFFITH ST to CRISP RD (1100 - 1188),1160 REVERE AVE,37.72723401,-122.3818155
Liang Bai Ping,BANCROFT AVE: INGALLS ST to JENNINGS ST (1400 - 1499),1440 BANCROFT AVE,37.72417289,-122.3897354
Liang Bai Ping,DONNER AVE: INGALLS ST to JENNINGS ST (1400 - 1499),1450 DONNER AVE,37.72305651,-122.3911119
"Chairman SF, LLC",CALIFORNIA ST: SANSOME ST to LEIDESDORFF ST (400 - 448),400 CALIFORNIA ST,0,0
"San Francisco Carts & Concessions, Inc. DBA Stanley's Steamers Hot Dogs",GEARY ST: GRANT AVE to STOCKTON ST (100 - 199),100 GEARY ST,37.78791423,-122.4052705
Tacos Rodriguez,MENDELL ST: GALVEZ AVE to HUDSON AVE (600 - 699),600 MENDELL ST,37.73967879,-122.3864934
D & T Catering,BROADWAY: BAKER ST to LYON ST (2900 - 2999),2960 BROADWAY,37.79318612,-122.4458894
"San Francisco Carts & Concessions, Inc. DBA Stanley's Steamers Hot Dogs",POST ST: STOCKTON ST to POWELL ST (300 - 399),345 STOCKTON ST,37.78891015,-122.407196
Liang Bai Ping,GRIFFITH ST: QUESADA AVE to REVERE AVE (1300 - 1399),1300 GRIFFITH ST,37.72708663,-122.3810744
D & T Catering,WASHINGTON ST: LAUREL ST to LOCUST ST (3500 - 3599),3550 WASHINGTON ST,37.78966683,-122.4516278
D & T Catering,BROADWAY: BRODERICK ST to BAKER ST (2800 - 2899),2840 BROADWAY,37.79344143,-122.4438912
D & T Catering,GREEN ST: BRODERICK ST to BAKER ST (2700 - 2799),2701 GREEN ST,37.7949291,-122.443833
Liang Bai Ping,VAN DYKE AVE: INGALLS ST to JENNINGS ST (1300 - 1399),1370 VAN DYKE AVE,37.72695076,-122.38798
D & T Catering,FRANCISCO ST: POLK ST to VAN NESS AVE (1100 - 1199),1150 FRANCISCO ST,37.80379024,-122.4241452
Tacos Rodriguez,SANSOME ST: SUTTER ST to BUSH ST (1 - 99),1 SANSOME ST,37.79048515,-122.4009404
Liang Bai Ping,UNDERWOOD AVE: INGALLS ST to JENNINGS ST (1300 - 1399),1351 UNDERWOOD AVE,37.72701466,-122.3874974
D & T Catering,UNION ST: DIVISADERO ST to BRODERICK ST (2600 - 2699),2616 UNION ST,37.79648,-122.44253
Munch A Bunch,WEBSTER ST: CLAY ST to WASHINGTON ST (2200 - 2299),2200 WEBSTER ST,0,0
"Off the Grid Services, LLC",BROADWAY: DAVIS ST to FRONT ST (50 - 99),90 BROADWAY,37.79926011,-122.3996179
Two G's Catering,MISSION ROCK ST: 03RD ST to 04TH ST (500 - 599),555 MISSION ROCK ST,0,0
Two G's Catering,BARNEVELD AVE: JERROLD AVE to LOOMIS ST \ MCKINNON AVE (100 - 299),175 BARNEVELD AVE,37.74480242,-122.4025402
Two G's Catering,,840 BRANNAN ST,37.77256169,-122.404474
Two G's Catering,BERRY ST: 04TH ST to 05TH ST (200 - 299),235 BERRY ST,37.77470305,-122.3940894
Let's Be Frank,HAYES ST: GOUGH ST to OCTAVIA ST (400 - 499),425 HAYES ST,37.7765669,-122.4233954
Let's Be Frank,LINDEN ST: GOUGH ST to OCTAVIA ST (300 - 399),404 OCTAVIA ST,37.77603906,-122.4241756
Bonito Poke,ILLINOIS ST: 16TH ST to MARIPOSA ST \ TERRY A FRANCOIS BLVD (400 - 599),409 ILLINOIS ST,37.76624505,-122.3873563
Kettle Corn Star,MARKET ST: YERBA BUENA LN to 04TH ST \ ELLIS ST \ STOCKTON ST (767 - 799) -- SOUTH --,773 MARKET ST,37.78539564,-122.404391
Bonito Poke,01ST ST: HOWARD ST to TEHAMA ST (200 - 231),505 HOWARD ST,37.78798865,-122.3961007
Bonito Poke,HOWARD ST: FREMONT ST to 01ST ST (400 - 499),400 HOWARD ST,37.78911921,-122.395881
"Halal Cart, LLC",MARKET ST: FREMONT ST \ FRONT ST to 01ST ST \ BUSH ST (401 - 499) -- SOUTH --,455 MARKET ST,37.79094704,-122.3986336
El Alambre,BOUTWELL ST: INDUSTRIAL ST \ LOOMIS ST to END (1 - 95),1 BOUTWELL ST,37.7377602,-122.405547
"Halal Cart, LLC",MONTGOMERY ST: CALIFORNIA ST to SACRAMENTO ST (400 - 499),400 MONTGOMERY ST,37.79314863,-122.4025672
Wu Wei LLC dba MoBowl,WASHINGTON ST: THE EMBARCADERO to DRUMM ST (1 - 99),370 DRUMM ST,37.79691371,-122.3966507
El Alambre,FRANKLIN ST: MYRTLE ST to GEARY BLVD (1150 - 1199),1188 FRANKLIN ST,37.78527195,-122.4226036
El Alambre,FRANKLIN ST: OFARRELL ST \ STARR KING WAY to MYRTLE ST (1100 - 1149),1100 FRANKLIN ST,37.78484603,-122.4225681
Wu Wei LLC dba MoBowl,HOWARD ST: 01ST ST to MALDEN ALY (500 - 589),500 HOWARD ST,0,0
Wu Wei LLC dba MoBowl,FRONT ST: VALLEJO ST to GREEN ST (900 - 999),900 FRONT ST,37.80022092,-122.399569
Wu Wei LLC dba MoBowl,DRUMM ST: CLAY ST to WASHINGTON ST (200 - 299),253 DRUMM ST,37.79612338,-122.3972732
"Halal Cart, LLC",MARKET ST: STEUART ST to SPEAR ST (1 - 99) -- SOUTH --,1 MARKET ST,37.79387151,-122.3948652
Halal Cart of San Francisco,CALIFORNIA ST: LEIDESDORFF ST to MONTGOMERY ST (449 - 499),400 MONTGOMERY ST,37.79314863,-122.4025672
Halal Cart of San Francisco,MARKET ST: STEUART ST to SPEAR ST (1 - 99) -- SOUTH --,1 MARKET ST,37.79387151,-122.3948652
Cochinita,24TH ST: UTAH ST to POTRERO AVE (2600 - 2699),2601 24TH ST,37.75282237,-122.4055319
Esmeli Catering,HOOPER ST: 07TH ST to 08TH ST (100 - 199),Assessors Block /Lot,0,0
Got Snacks,03RD ST: TERRY A FRANCOIS BLVD to CHANNEL ST (1000 - 1099),1020 03RD ST,37.77551014,-122.3909993
Singh Brothers Ice Cream,BANCROFT AVE: JENNINGS ST to KEITH ST (1500 - 1599),1562 BANCROFT AVE,37.7254507,-122.3919916
Roadside Rotisserie Corporation / Country Grill,BUSH ST: 01ST ST \ MARKET ST to BATTERY ST (1 - 99),1 BUSH ST,37.79092151,-122.4001004
Roadside Rotisserie Corporation / Country Grill,BATTERY ST: CALIFORNIA ST to HALLECK ST (200 - 230),225 BATTERY ST,37.79344653,-122.4003437
SF Cart Project,MISSION BAY BLVD SOUTH: 03RD ST \ MISSION BAY BLVD to 04TH ST \ MISSION BAY BLVD (501 - 599),535 MISSION BAY BLVD SOUTH,37.76912441,-122.3914749
Munch A Bunch,FULTON ST: FRANKLIN ST to GOUGH ST (300 - 399),365 FULTON ST,37.7784936,-122.4229547
John's Catering #5,TURK ST: GOUGH ST to LAGUNA ST (900 - 1099),1003 TURK ST,37.78086844,-122.4254677
Ruru Juice LLC,SUTTER ST: SANSOME ST to MONTGOMERY ST (50 - 99),80 SUTTER ST,37.79034625,-122.4018502
El Tonayense #60,HARRISON ST: MISTRAL ST to 20TH ST (2345 - 2399),2355 FOLSOM ST,0,0
Munch A Bunch,07TH ST: CLEVELAND ST to HARRISON ST (314 - 399),355 07TH ST,37.77638143,-122.4069341
Los 2 Cuates,02ND ST: STILLMAN ST to BRYANT ST (454 - 499),490 02ND ST,37.7830461,-122.3940666
May Catering,EVANS AVE: HUNTERS POINT BLVD to JENNINGS ST \ MIDDLE POINT RD (1031 - 1099),1059 EVANS AVE,37.73657218,-122.3782097
"SOHOMEI, LLC",BURKE AVE: END to 03RD ST (1500 - 1599),1570 BURKE AVE,37.74475219,-122.3856792
Buenafe,RANKIN ST: DAVIDSON AVE to EVANS AVE (200 - 299),220 RANKIN ST,37.74574924,-122.3924815
Singh Brothers Ice Cream,HOLLISTER AVE: HAWES ST to INGALLS ST (1000 - 1099),1000 HOLLISTER AVE,37.71893982,-122.3905179
"SOHOMEI, LLC",MASONIC AVE: MCALLISTER ST to FULTON ST (500 - 599),500 MASONIC AVE,37.77655004,-122.4463076
"SOHOMEI, LLC",22ND ST: SAN BRUNO AVE to UTAH ST (2400 - 2449),2401 22ND ST,37.75563701,-122.4051019
The Huge Hotdog Concession,POLK ST: BUSH ST to AUSTIN ST \ FRANK NORRIS ST (1300 - 1329),1300 POLK ST,37.78887712,-122.420091
Singh Brothers Ice Cream,PALOU AVE: HAWES ST to INGALLS ST (1100 - 1199),1101 PALOU AVE,37.72867144,-122.3818651
CC Acquisition LLC,VALENCIA ST: 16TH ST to 17TH ST (500 - 599),560 VALENCIA ST,37.76385808,-122.4220826
Roadside Rotisserie Corporation / Country Grill,FRONT ST: BROADWAY to VALLEJO ST (800 - 899),90 BROADWAY,37.79926011,-122.3996179
Akuranvyka USA Inc,SANSOME ST: GOLD ST to PACIFIC AVE (705 - 799),727 SANSOME ST,37.79694901,-122.4021834
John's Catering #5,03RD ST: 16TH ST to MARIPOSA ST (1800 - 1998) -- WEST --,1900 03RD ST,37.76510646,-122.3896795
Singh Brothers Ice Cream,INGALLS ST: GEORGE CT to OAKDALE AVE (1300 - 1399),1309 INGALLS ST,37.73037424,-122.3818619
Street Meet,GROVE ST: 08TH ST \ HYDE ST \ MARKET ST to LARKIN ST (1 - 55),30 GROVE ST,37.77915912,-122.4158079
Swell Cream & Coffee,TARAVAL ST: 34TH AVE to 35TH AVE (2400 - 2499),2450 TARAVAL ST,37.74255037,-122.4926771
Subs on Hubs,,Assessors Block 8711/Lot021,37.77140195,-122.3917716
Munch A Bunch,PARNASSUS AVE: HILLWAY AVE to 03RD AVE (400 - 599),400 PARNASSUS AVE,37.76386403,-122.4583917
May Catering,MARIPOSA ST: 04TH ST \ MINNESOTA ST to INDIANA ST (700 - 799),777 MARIPOSA ST,37.76381128,-122.3912654
Singh Brothers Ice Cream,KIRKWOOD AVE: NEWHALL ST to PHELPS ST (1600 - 1699),1698 KIRKWOOD AVE,37.73935716,-122.3915228
Ruru Juice LLC,MISSION ST: 02ND ST to NEW MONTGOMERY ST (600 - 634),601 MISSION ST,37.78767164,-122.3997629
CC Acquisition LLC,MARKET ST: 01ST ST \ BUSH ST to 02ND ST (501 - 599) -- SOUTH --,525 MARKET ST,37.79040672,-122.3992759
John's Catering #5,BRYANT ST: 19TH ST to 20TH ST (2100 - 2199),2157 BRYANT ST,37.75979627,-122.4095734
Tres Agaves Mexican Kitchen & Tequila Lounge LLC. dba Tres Truck,RHODE ISLAND ST: 16TH ST to 17TH ST (300 - 399),301 RHODE ISLAND ST,37.76545974,-122.4021364
"SOHOMEI, LLC",MISSION ST: ANNIE ST to 03RD ST (663 - 699),690 MISSION ST,0,0
Roadside Rotisserie Corporation / Country Grill,BRANNAN ST: STANFORD ST to JACK LONDON ALY (324 - 353),333 BRANNAN ST,37.780918,-122.392417
John's Catering #5,HOWARD ST: BEALE ST to FREMONT ST (300 - 399),300 HOWARD ST,37.78956931,-122.3951294
"SOHOMEI, LLC",TREAT AVE: DIVISION ST \ FLORIDA ST to ALAMEDA ST (1 - 99),Assessors Block 3902/Lot002,37.76830699,-122.4120003
"Santana ESG, Inc.",SANSOME ST: SUTTER ST to BUSH ST (1 - 99),1 SANSOME ST,37.79048515,-122.4009404
Singh Brothers Ice Cream,HARBOR RD: NORTHRIDGE RD to INGALLS ST (1 - 299),297 HARBOR RD,37.73343881,-122.3804675
La Jefa,SANSOME ST: BUSH ST to PINE ST (100 - 199),155 SANSOME ST,37.79183426,-122.4012796
Singh Brothers Ice Cream,INGERSON AVE: JENNINGS ST to 03RD ST (1100 - 1199),1173 INGERSON AVE,37.72044936,-122.395915
"SOHOMEI, LLC",DAVIDSON AVE: QUINT ST to RANKIN ST (1500 - 1599),1580 DAVIDSON AVE,37.74569303,-122.3907146
May Catering,LE CONTE AVE: 03RD ST to KEITH ST (1039 - 1099),1075 LE CONTE AVE,37.71878808,-122.398106
John's Catering #5,MISSION ST: SHAW ALY to ANTHONY ST (543 - 586),560 MISSION ST,37.78886472,-122.3993594
Singh Brothers Ice Cream,DONNER AVE: INGALLS ST to JENNINGS ST (1400 - 1499),1475 DONNER AVE,37.72279369,-122.3917197
Singh Brothers Ice Cream,GRIFFITH ST: INGERSON AVE to JAMESTOWN AVE (2900 - 2999),2900 GRIFFITH ST,37.71699129,-122.3895991
Singh Brothers Ice Cream,PENINSULA AVE: BLANKEN AVE to LATHROP AVE (300 - 399),360 PENINSULA AVE,37.71084128,-122.3996426
El Tonayense #60,HARRISON ST: 17TH ST to MARIPOSA ST (2050 - 2149),401 TREAT AVE,37.76310833,-122.4134549
Subs on Hubs,BRANNAN ST: 08TH ST to 09TH ST (900 - 999),934 BRANNAN ST,37.771179,-122.4065737
"Santana ESG, Inc.",SHOTWELL ST: 16TH ST to 17TH ST (200 - 299),200 SHOTWELL ST,37.76474535,-122.4165621
"SOHOMEI, LLC",02ND ST: FEDERAL ST to SOUTH PARK (519 - 548),544 02ND ST,37.78242356,-122.3932364
Singh Brothers Ice Cream,KISKA RD: DORMITORY RD \ KIRKWOOD AVE to REARDON RD (141 - 199),195 KISKA RD,37.72943829,-122.3766578
Akuranvyka USA Inc,03RD ST: BRANNAN ST to TOWNSEND ST (600 - 699),601 03RD ST,37.78007717,-122.3937673
El Gallo Jiro,23RD ST: TREAT AVE to FOLSOM ST (3052 - 3099),3055 23RD ST,37.75392774,-122.4133231
Singh Brothers Ice Cream,KEY AVE: JENNINGS ST to 03RD ST (1000 - 1068),1060 KEY AVE,37.71920022,-122.3959767
John's Catering #5,REDWOOD ST: POLK ST to VAN NESS AVE (100 - 199),180 REDWOOD ST,37.78083158,-122.4199429
Tacos El Primo,QUINT ST: DAVIDSON AVE to EVANS AVE (300 - 399),1700 EVANS AVE,37.74488929,-122.390972
El Tonayanse #4 / #36,HARRISON ST: 13TH ST to 14TH ST (1700 - 1799),1717 HARRISON ST,0,0
Tres Agaves Mexican Kitchen & Tequila Lounge LLC. dba Tres Truck,16TH ST: KANSAS ST to VERMONT ST (1700 - 1799),1700 16TH ST,37.76621745,-122.4039528
Los 2 Cuates,CALIFORNIA ST: LEIDESDORFF ST to MONTGOMERY ST (449 - 499),475 CALIFORNIA ST,37.79234639,-122.4023853
La Jefa,SUTTER ST: SANSOME ST to MONTGOMERY ST (50 - 99),80 SUTTER ST,37.79034625,-122.4018502
Tacos El Primo,JENNINGS ST: WALLACE AVE to YOSEMITE AVE (2200 - 2299),1495 WALLACE AVE,37.7259305,-122.3892156
"SOHOMEI, LLC",CLAY ST: BATTERY ST to SANSOME ST (400 - 499),432 CLAY ST,37.79510556,-122.4008766
Marengo,WATERLOO ST: MARENGO ST to BAY SHORE BLVD (40 - 99),75 WATERLOO ST,37.73864994,-122.4061861
San Pancho's Tacos,ALEMANY BLVD: SICKLES AVE to I-280 N ON RAMP \ REGENT ST \ SAN JOSE AVE (3101 - 3155) -- SOUTH --,3119 ALEMANY BLVD,37.71019302,-122.4552219
Subs on Hubs,08TH ST: FOLSOM ST to RINGOLD ST (300 - 341),333 08TH ST,37.7749755,-122.4093858
Singh Brothers Ice Cream,SHAFTER AVE: HAWES ST to INGALLS ST (1200 - 1299),1207 SHAFTER AVE,37.72670827,-122.3836249
"SOHOMEI, LLC",MASONIC AVE: MCALLISTER ST to FULTON ST (500 - 599),599 MASONIC AVE,37.78072315,-122.4477896
San Pancho's Tacos,CAPITOL AVE: DE MONTFORT AVE to OCEAN AVE (1200 - 1299),1271 CAPITOL AVE,37.72429778,-122.4593773
John's Catering #5,HARRISON ST: ALAMEDA ST to 15TH ST (1830 - 1899),1830 HARRISON ST,37.76798459,-122.4139538
Munch A Bunch,LARKIN ST: FERN ST to BUSH ST (1127 - 1199),1144 LARKIN ST,37.78852758,-122.4183137
La Jefa,04TH ST: NELSON RISING LN to GENE FRIEND WAY (1500 - 1599),1550 04TH ST,37.76912441,-122.3914749
John's Catering #5,14TH ST: SHOTWELL ST to SOUTH VAN NESS AVE (139 - 199),164 14TH ST,37.76876525,-122.4169022
Anas Goodies Catering,SHOTWELL ST: 15TH ST to 16TH ST (100 - 199),131 SHOTWELL ST,37.74793094,-122.4151932
John's Catering #5,MARIPOSA ST: HAMPSHIRE ST to YORK ST (2500 - 2599),2500 MARIPOSA ST,37.76372721,-122.4093341
Munch India,CALIFORNIA ST: SANSOME ST to LEIDESDORFF ST (400 - 448),400 CALIFORNIA ST,37.79330428,-122.401459
John's Catering #5,NATOMA ST: FREMONT ST to 01ST ST (1 - 19),400 HOWARD ST,37.78911921,-122.395881
"SOHOMEI, LLC",PINE ST: POLK ST to VAN NESS AVE (1500 - 1599),1540 PINE ST,37.78982692,-122.4211263
"SOHOMEI, LLC",CESAR CHAVEZ ST: SOUTH VAN NESS AVE to CAPP ST \ MISSION ST (3300 - 3398) -- NORTH --,3300 CESAR CHAVEZ ST,37.74854979,-122.4161707
John's Catering #5,,50 IVY ST,37.77812838,-122.4186521
John's Catering #5,HARRISON ST: FREMONT ST \ I-80 W OFF RAMP to 01ST ST \ I-80 E ON RAMP (400 - 499),401 HARRISON ST,37.78606252,-122.3921765
Julie's Hot Dogs,MISSION ST: 19TH ST to 20TH ST (2300 - 2399),2365 MISSION ST,37.75924029,-122.4185442
Wonder Philly,04TH ST: BERRY ST to CHANNEL ST (900 - 999),960 04TH ST,37.77433767,-122.3940533
Singh Brothers Ice Cream,WALLACE AVE: JENNINGS ST to KEITH ST (1500 - 1599),1550 WALLACE AVE,37.72716807,-122.3900291
Singh Brothers Ice Cream,YOSEMITE AVE: INGALLS ST to JENNINGS ST (1400 - 1499),1420 YOSEMITE AVE,37.7251817,-122.3881927
Munch A Bunch,17TH ST: SAN BRUNO AVE to UTAH ST (2200 - 2299),2222 17TH ST,37.76521595,-122.406007
SPUNBYSS,02ND ST: TEHAMA ST to CLEMENTINA ST (224 - 273),240 02ND ST,37.78594032,-122.3977999
Roadside Rotisserie Corporation / Country Grill,POST ST: MONTGOMERY ST to LICK PL (1 - 40),1 POST ST,37.78877872,-122.4025746
Singh Brothers Ice Cream,FITZGERALD AVE: HAWES ST to INGALLS ST (1100 - 1199),1104 FITZGERALD AVE,37.72017472,-122.3894071
Singh Brothers Ice Cream,QUESADA AVE: CRISP RD to HAWES ST (1170 - 1199),1191 QUESADA AVE,37.72774449,-122.3821074
"SOHOMEI, LLC",MISSION ST: 07TH ST to ANGELOS ALY \ JULIA ST (1100 - 1165),1118 MISSION ST,37.77915721,-122.4116154
Street Meet,LARKIN ST: GROVE ST to FULTON ST (100 - 199),100 LARKIN ST,37.77915912,-122.4158079
Munch A Bunch,TURK ST: WEBSTER ST to FILLMORE ST (1300 - 1399),1345 TURK ST,0,0
John's Catering #5,BRANNAN ST: 05TH ST to 06TH ST \ I-280 NORTHBOUND \ I-280 SOUTHBOUND (600 - 699),610 BRANNAN ST,37.77662692,-122.3995555
San Pancho's Tacos,BAY SHORE BLVD: CORTLAND AVE to WATERLOO ST (491 - 499) -- EAST --,491 BAY SHORE BLVD,0,0
John's Catering #5,HAYES ST: SHRADER ST to STANYAN ST (2200 - 2299),2200 HAYES ST,0,0
John's Catering #5,HARRISON ST: 16TH ST \ TREAT AVE to 17TH ST (2000 - 2099),2010 HARRISON ST,37.7875875,-122.3904715
Singh Brothers Ice Cream,JENNINGS ST: VAN DYKE AVE to WALLACE AVE (2100 - 2199),2115 JENNINGS ST,37.72672798,-122.3886584
"Santana ESG, Inc.",HARRISON ST: 21ST ST to 22ND ST (2500 - 2599),2598 HARRISON ST,0,0
Subs on Hubs,05TH ST: HARRISON ST \ I-80 W OFF RAMP to PERRY ST (400 - 449),400 05TH ST,37.77871039,-122.4018394
Singh Brothers Ice Cream,NIBBI CT: GILLETTE AVE to END (1 - 99),35 NIBBI CT,37.71045169,-122.3961491
"SOHOMEI, LLC",HOWARD ST: 01ST ST to MALDEN ALY (500 - 589),501 HOWARD ST,0,0
San Francisco's Hometown Creamery,PINE ST: SANSOME ST to CENTURY PL (300 - 340),301 PINE ST,37.79183426,-122.4012796
Singh Brothers Ice Cream,JAMESTOWN AVE: GRIFFITH ST to CORONADO ST (800 - 850),800 JAMESTOWN AVE,37.716443,-122.3899379
Singh Brothers Ice Cream,JENNINGS ST: KEY AVE to LE CONTE AVE (3400 - 3499),3444 JENNINGS ST,37.71852205,-122.3966614
"SOHOMEI, LLC",02ND ST: JESSIE ST to MISSION ST (69 - 99),85 02ND ST,37.78845703,-122.3998842
Julie's Hot Dogs,MISSION ST: 14TH ST to 15TH ST (1800 - 1899),1850 MISSION ST,37.76735502,-122.4205179
John's Catering #5,MASONIC AVE: EWING TER to TURK BLVD (200 - 298) -- EAST --,270 MASONIC AVE,37.77891859,-122.4467488
"SOHOMEI, LLC",ELLIS ST: LARKIN ST to POLK ST (700 - 799),730 ELLIS ST,37.78442074,-122.4184054
"SOHOMEI, LLC",VALENCIA ST: 18TH ST to 19TH ST (700 - 799),740 VALENCIA ST,37.76095717,-122.4218242
"SOHOMEI, LLC",EDDY ST: STEINER ST to PIERCE ST (1600 - 1699),1652 EDDY ST,37.78159675,-122.4348578
Quick Grub,SANSOME ST: SUTTER ST to BUSH ST (1 - 99),1 BUSH ST,37.79092151,-122.4001004
Serendipity SF,CALIFORNIA ST: SANSOME ST to LEIDESDORFF ST (400 - 448),400 CALIFORNIA ST,37.79330428,-122.401459
"Kabob Trolley, LLC",MISSION ST: 07TH ST to ANGELOS ALY \ JULIA ST (1100 - 1165),1133 MISSION ST,37.77833026,-122.4115159
Tacos El Primo,WILLIAMS AVE: APOLLO ST to PHELPS ST \ VESTA ST (300 - 399),345 WILLIAMS AVE,37.72980548,-122.3992471
CC Acquisition LLC,MARKET ST: MAIN ST to BEALE ST \ DAVIS ST \ PINE ST (214 - 298) -- NORTH --,298 MARKET ST,37.79321373,-122.397043
John's Catering #5,MARKET ST: 12TH ST \ PAGE ST to FRANKLIN ST (1591 - 1615) -- SOUTH --,1601 MARKET ST,37.77391507,-122.4200263
Eli's Hot Dogs,JERROLD AVE: BARNEVELD AVE to END (2351 - 2369),101 BAY SHORE BLVD,37.7469483,-122.403391
"SOHOMEI, LLC",THOMAS MORE WAY: BROTHERHOOD WAY \ CHUMASERO DR to SAN FRANCISCO GOLF CLUB RD (1 - 99),1 THOMAS MORE WAY,37.71000333,-122.4714119
Munch A Bunch,12TH ST: ISIS ST to BERNICE ST (332 - 365),333 12TH ST,37.77081823,-122.4140073
"Kabob Trolley, LLC",04TH ST: TOWNSEND ST to KING ST (700 - 799),298 KING ST,37.77764221,-122.3934181
Munch A Bunch,MISSION ST: 14TH ST to 15TH ST (1800 - 1899),1850 MISSION ST,37.76734767,-122.4204766
"SOHOMEI, LLC",MINNESOTA ST: 23RD ST to 24TH ST (1200 - 1299),1240 MINNESOTA ST,37.75461495,-122.3903881
May Catering,,Assessors Block /Lot,0,0
Munch A Bunch,BRYANT ST: ALAMEDA ST intersection,1525 BRYANT ST,37.76773409,-122.4101526
May Catering,,Assessors Block 8710/Lot003,37.7706454,-122.3934769
John's Catering #5,11TH ST: KISSLING ST to BURNS PL (236 - 276),251 11TH ST,37.77249678,-122.4142098
San Francisco's Hometown Creamery,POST ST: STOCKTON ST to POWELL ST (300 - 399),340 POST ST,37.788697,-122.4074704
Julie's Hot Dogs,MISSION ST: 17TH ST to CLARION ALY (2100 - 2131),2101 MISSION ST,37.76317462,-122.4190095
F & C Catering,TENNESSEE ST: END to 26TH ST (1500 - 1599),1500 TENNESSEE ST,37.75224167,-122.3891885
May Catering,03RD ST: 22ND ST to 23RD ST (2501 - 2699) -- EAST --,2565 03RD ST,37.7567173,-122.387649
Anas Goodies Catering,TEXAS ST: SIERRA ST to 22ND ST (632 - 699),640 TEXAS ST,37.75791706,-122.3954759
Anas Goodies Catering,ELM ST: FRANKLIN ST to GOUGH ST (300 - 399),368 ELM ST,37.78138003,-122.4231438
May Catering,26TH ST: SHOTWELL ST to VIRGIL ST (3251 - 3273),3251 26TH ST,37.74876215,-122.4143268
Anas Goodies Catering,MINNESOTA ST: END to 26TH ST (1400 - 1499),1400 MINNESOTA ST,37.75207459,-122.3901449
Anas Goodies Catering,23RD ST: END to ILLINOIS ST (100 - 699),601 23RD ST,37.75503073,-122.3845307
Anas Goodies Catering,26TH ST: MINNESOTA ST to INDIANA ST (1000 - 1099),1051 26TH ST,37.75126941,-122.3898944
Anas Goodies Catering,MARKET ST: 10TH ST \ FELL ST \ POLK ST to 11TH ST (1401 - 1455) -- SOUTH --,1411 MARKET ST,37.77582552,-122.4172496
Anas Goodies Catering,SHIPLEY ST: 04TH ST to 05TH ST (100 - 199),133 SHIPLEY ST,37.7807241,-122.4012354
Anas Goodies Catering,PENNSYLVANIA AVE: 22ND ST to 23RD ST (700 - 899),700 PENNSYLVANIA AVE,37.75692365,-122.3935496
Anas Goodies Catering,FOLSOM ST: ERIE ST to 14TH ST (1718 - 1799),1750 FOLSOM ST,37.76890352,-122.4159812
Anas Goodies Catering,26TH ST: MINNESOTA ST to INDIANA ST (1000 - 1099),1090 26TH ST,37.75160841,-122.3903095
Anas Goodies Catering,ARMSTRONG AVE: HAWES ST to INGALLS ST (1300 - 1399),1315 ARMSTRONG AVE,37.72307876,-122.3875257
Anas Goodies Catering,FRANCISCO ST: MASON ST to TAYLOR ST (500 - 599),500 FRANCISCO ST,37.80504951,-122.4143344
Anas Goodies Catering,INDIANA ST: 26TH ST to CESAR CHAVEZ ST (1500 - 1599),1575 INDIANA ST,37.75084961,-122.3900276
Anas Goodies Catering,03RD ST: CESAR CHAVEZ ST to MARIN ST (3100 - 3199),3150 03RD ST,37.74944294,-122.3879855
Anas Goodies Catering,NEWHALL ST: BITTING AVE to EGBERT AVE (2660 - 2899),2660 NEWHALL ST,37.72721217,-122.3996363
Anas Goodies Catering,03RD ST: MARIPOSA ST to 18TH ST (2001 - 2099) -- EAST --,2085 03RD ST,37.76329906,-122.3884823
Anas Goodies Catering,TENNESSEE ST: 19TH ST to 20TH ST (800 - 899),815 TENNESSEE ST,37.7615022,-122.389277
Anas Goodies Catering,03RD ST: MARIPOSA ST to 18TH ST (2000 - 2098) -- WEST --,2030 03RD ST,37.7636598,-122.3891339
Anas Goodies Catering,PENNSYLVANIA AVE: MARIPOSA ST to I-280 S OFF RAMP (200 - 256),208 PENNSYLVANIA AVE,37.76346296,-122.3940129
Anas Goodies Catering,PENNSYLVANIA AVE: I-280 S OFF RAMP to 25TH ST (1050 - 1099),1082 PENNSYLVANIA AVE,37.75336083,-122.3930459
Anas Goodies Catering,INDIANA ST: 20TH ST to 22ND ST (800 - 999),951 INDIANA ST,37.75878616,-122.3909584
May Catering,MINNESOTA ST: 04TH ST \ MARIPOSA ST to 18TH ST (500 - 599),535 MINNESOTA ST,37.76369087,-122.3904574
Anas Goodies Catering,DONNER AVE: HAWES ST to INGALLS ST (1300 - 1399),1347 DONNER AVE,37.72145084,-122.3893534
Anas Goodies Catering,MARIPOSA ST: TENNESSEE ST to 04TH ST \ MINNESOTA ST (600 - 699),601 MARIPOSA ST,37.76405209,-122.3901444
Anas Goodies Catering,10TH ST: SHERIDAN ST to HARRISON ST (350 - 399),380 10TH ST,37.77165385,-122.4118091
Anas Goodies Catering,EDDY ST: BUCHANAN ST to WEBSTER ST (1300 - 1399),1346 EDDY ST,37.78186712,-122.4298852
Anas Goodies Catering,TENNESSEE ST: 18TH ST to 19TH ST (700 - 799),790 TENNESSEE ST,37.7618524,-122.3899321
Anas Goodies Catering,TENNESSEE ST: MARIPOSA ST to 18TH ST (600 - 699),640 TENNESSEE ST,37.76354048,-122.3900966
Anas Goodies Catering,22ND ST: MISSISSIPPI ST to TEXAS ST (1255 - 1399),1255 22ND ST,37.75701552,-122.3940629
May Catering,TREAT AVE: MISTRAL ST to END (630 - 699),630 TREAT AVE,37.75995143,-122.4140497
Anas Goodies Catering,03RD ST: 26TH ST to CESAR CHAVEZ ST (3000 - 3098) -- WEST --,3000 03RD ST,37.75046412,-122.3879083
Anas Goodies Catering,03RD ST: EGBERT AVE to FITZGERALD AVE (6000 - 6170) -- WEST --,6000 03RD ST,37.7239799,-122.3959035
Anas Goodies Catering,CESAR CHAVEZ ST: EVANS AVE to KANSAS ST (2100 - 2550),2150 CESAR CHAVEZ ST,37.75023688,-122.397818
Anas Goodies Catering,INDIANA ST: 20TH ST to 22ND ST (800 - 999),998 INDIANA ST,37.75803739,-122.3916719
Anas Goodies Catering,OTIS ST: GOUGH ST \ MCCOPPIN ST to 13TH ST \ DUBOCE AVE \ HWY 101 NORTHBOUND RAMP \ MISSION ST (100 - 199),150 OTIS ST,37.7706834,-122.4208796
Anas Goodies Catering,CARROLL AVE: INGALLS ST to JENNINGS ST (1400 - 1499),1420 CARROLL AVE,37.72357686,-122.3900591
Anas Goodies Catering,MARIPOSA ST: PENNSYLVANIA AVE to MISSISSIPPI ST (1000 - 1099),1040 MARIPOSA ST,37.76420238,-122.3942852
Anas Goodies Catering,03RD ST: MARIN ST to ARTHUR AVE \ CARGO WAY (3201 - 3399) -- EAST --,3255 03RD ST,37.74844534,-122.386879
Anas Goodies Catering,03RD ST: MARIN ST to ARTHUR AVE \ CARGO WAY (3201 - 3399) -- EAST --,3305 03RD ST,37.74383117,-122.3777974
May Catering,WISCONSIN ST: 16TH ST to 17TH ST (100 - 199),166 WISCONSIN ST,37.76543387,-122.4001982
May Catering,BERRY ST: 03RD ST to 04TH ST (100 - 199),185 BERRY ST,37.77632715,-122.3917968
May Catering,ALABAMA ST: 16TH ST to 17TH ST (300 - 399),380 ALABAMA ST,37.76445239,-122.4126719
Pipo's Grill,FOLSOM ST: 14TH ST to 15TH ST (1800 - 1899),1800 FOLSOM ST,37.76785244,-122.4161049
May Catering,POTRERO AVE: ALAMEDA ST to 15TH ST (100 - 199),100 POTRERO AVE,37.76807589,-122.4082896
May Catering,YORK ST: MARIPOSA ST to 18TH ST (500 - 599),501 YORK ST,37.76291431,-122.4089512
Leo's Hot Dogs,MISSION ST: 19TH ST to 20TH ST (2300 - 2399),2301 MISSION ST,37.76008693,-122.4188065
Reecees Soulicious,BAY SHORE BLVD: END to OAKDALE AVE (185 - 299) -- EAST --,201 BAY SHORE BLVD,37.74530891,-122.4034201
May Catering,16TH ST: OWENS ST to 07TH ST \ MISSISSIPPI ST (700 - 899),Assessors Block 8727/Lot005,37.76558647,-122.3931971
F & C Catering,03RD ST: 24TH ST to 25TH ST (2800 - 2898) -- WEST --,2800 03RD ST,37.75371742,-122.388359
May Catering,NAPOLEON ST: EVANS AVE \ TOLAND ST to JERROLD AVE (25 - 299),180 NAPOLEON ST,37.74758628,-122.3988657
May Catering,CESAR CHAVEZ ST: EVANS AVE to KANSAS ST (2100 - 2550),2300 CESAR CHAVEZ ST,37.74994529,-122.4004209
May Catering,16TH ST: MISSOURI ST to CONNECTICUT ST (1000 - 1099),1006 16TH ST,37.76668986,-122.3971823
"Casey's Pizza, LLC",FELL ST: GOUGH ST to OCTAVIA ST (300 - 399),368 FELL ST,37.77604871,-122.4239392
May Catering,03RD ST: 24TH ST to 25TH ST (2800 - 2898) -- WEST --,2800 03RD ST,37.75371742,-122.388359
Tacos Santo Toribio,TOLAND ST: NEWCOMB AVE to OAKDALE AVE (900 - 999),928 TOLAND ST,37.74162369,-122.4015472
May Catering,16TH ST: 03RD ST to 04TH ST (500 - 599),500 16TH ST,0,0
Khalid M Malik,BATTERY ST: MARKET ST to BUSH ST (1 - 10),Assessors Block /Lot,0,0
F & C Catering,03RD ST: 24TH ST to 25TH ST (2800 - 2898) -- WEST --,2890 03RD ST,37.75310875,-122.3881702
Taqueria Lolita,EVANS AVE: QUINT ST to RANKIN ST (1700 - 1799),750 PHELPS ST,37.73944545,-122.393015
Tacos Santana,JERROLD AVE: TOLAND ST to UPTON ST (2100 - 2230),2142 JERROLD AVE,37.74451858,-122.3989408
Athena SF Gyro,MARKET ST: 11TH ST intersection,10 SOUTH VAN NESS AVE,37.77425926,-122.419486
F & C Catering,PENNSYLVANIA AVE: 22ND ST to 23RD ST (700 - 899),898 PENNSYLVANIA AVE,37.75553447,-122.3939253
"Casey's Pizza, LLC",SPEAR ST: MISSION ST to HOWARD ST (100 - 199),100 SPEAR ST,37.79215055,-122.394
May Catering,LE CONTE AVE: 03RD ST to KEITH ST (1039 - 1099),1098 LE CONTE AVE,37.71943172,-122.3981395
Fruteria Serrano,MISSION ST: OCEAN AVE to PERSIA AVE (4650 - 4699),4650 MISSION ST,37.72366128,-122.4359438
May Catering,23RD ST: HARRISON ST to TREAT AVE (3000 - 3053),3050 23RD ST,37.75447643,-122.4128554
May Catering,26TH ST: TREAT AVE \ TREAT WAY to LUCKY ST (3133 - 3164),3150 26TH ST,37.74953311,-122.4131165
Mob Dog,MARKET ST: 03RD ST \ KEARNY ST to GRANT AVE \ OFARRELL ST (700 - 748) -- NORTH --,720 MARKET ST,37.78759842,-122.4040904
May Catering,ALABAMA ST: MARIPOSA ST to 18TH ST (500 - 599),501 ALABAMA ST,37.76247682,-122.411819
Swell Cream & Coffee,TARAVAL ST: 36TH AVE to SUNSET BLVD (2600 - 2649),2401 36TH AVE,37.74129028,-122.4943779
Tacos Santana,CARROLL AVE: QUINT ST to BAY SHORE BLVD \ THORNTON AVE (2100 - 2199),2101 CARROLL AVE,37.73022168,-122.4029785
Halal Food,CALIFORNIA ST: DRUMM ST to DAVIS ST (1 - 99),50 CALIFORNIA ST,37.79405318,-122.3973477
F & C Catering,MINNESOTA ST: 23RD ST to 24TH ST (1200 - 1299),1275 MINNESOTA ST,37.75425171,-122.3893812
"Casey's Pizza, LLC",MISSION ST: NEW MONTGOMERY ST to ANNIE ST (635 - 664),654 MISSION ST,37.78718285,-122.4012348
May Catering,CESAR CHAVEZ ST: KANSAS ST to BAY SHORE BLVD \ VERMONT ST (2501 - 2625) -- SOUTH --,2501 CESAR CHAVEZ ST,37.74897924,-122.4024092
May Catering,YORK ST: 19TH ST to 20TH ST (700 - 799),720 YORK ST,37.75982584,-122.4092029
"Off the Grid Services, LLC",DAVIS ST: DAVIS CT \ JACKSON ST to BROADWAY (500 - 699),Assessors Block /Lot,0,0
May Catering,HAWES ST: INGERSON AVE to JAMESTOWN AVE (2900 - 2999),2930 HAWES ST,37.71777945,-122.3916548
The Chef Station,DIVISADERO ST: OAK ST to FELL ST (401 - 499) -- WEST --,425 DIVISADERO ST,37.77336405,-122.4378752
"Casey's Pizza, LLC",SANSOME ST: PINE ST to CALIFORNIA ST (200 - 299),231 SANSOME ST,37.7926094,-122.4013149
"San Francisco Carts & Concessions, Inc. DBA Stanley's Steamers Hot Dogs",POST ST: STOCKTON ST to POWELL ST (300 - 399),Assessors Block /Lot,0,0
May Catering,BRYANT ST: 11TH ST \ 13TH ST \ DIVISION ST to DIVISION ST (1300 - 1319),1300 BRYANT ST,37.76908713,-122.4115277
May Catering,ILLINOIS ST: MARIPOSA ST \ TERRY A FRANCOIS BLVD to 18TH ST (600 - 699),600 ILLINOIS ST,37.76416013,-122.3881423
"San Francisco Carts & Concessions, Inc. DBA Stanley's Steamers Hot Dogs",POWELL ST: GEARY ST to POST ST (300 - 399),331 POWELL ST,37.7877553,-122.4087822
May Catering,MINNESOTA ST: 20TH ST to 22ND ST (800 - 999),900 MINNESOTA ST,0,0
May Catering,JAMESTOWN AVE: GRIFFITH ST to CORONADO ST (800 - 850),800 JAMESTOWN AVE,37.716443,-122.3899379
May Catering,,299 ILLINOIS ST,0,0
May Catering,NAPOLEON ST: SELBY ST to EVANS AVE \ TOLAND ST (1 - 98),Assessors Block 4347a/Lot004,37.74784315,-122.3945752
The Chef Station,10TH ST: FELL ST \ MARKET ST \ POLK ST to END (1 - 18),8 10TH ST,37.77582552,-122.4172496
May Catering,17TH ST: TREAT AVE to FOLSOM ST (3025 - 3099),3030 17TH ST,37.76403818,-122.4137575
May Catering,POTRERO AVE: 24TH ST to 25TH ST (1200 - 1299),1200 POTRERO AVE,37.75257727,-122.4068064
May Catering,EXECUTIVE PARK BLVD: CANDLESTICK COVE WAY to SANDPIPER COVE WAY \ THOMAS MELLON DR (138 - 198),150 EXECUTIVE PARK BLVD,37.71083793,-122.3935434
Halal Cart of San Francisco,MARKET ST: FREMONT ST \ FRONT ST to 01ST ST \ BUSH ST (400 - 498) -- NORTH --,1 FRONT ST,37.79175721,-122.3988976
Munch India,POST ST: MONTGOMERY ST to LICK PL (1 - 40),Assessors Block /Lot,0,0
Scotch Bonnet,MONTGOMERY ST: POST ST to SUTTER ST (1 - 99),25 MONTGOMERY ST,37.7894867,-122.4024674
May Catering,MISSION ST: BEALE ST to FREMONT ST (300 - 399),350 MISSION ST,37.79088546,-122.3966859
May Catering,29TH ST: DOLORES ST to CHURCH ST (200 - 299),210 29TH ST,37.7440391,-122.4250942
May Catering,ILLINOIS ST: 20TH ST to 22ND ST (900 - 1099),1000 ILLINOIS ST,37.75924592,-122.3879174
May Catering,TOLAND ST: KIRKWOOD AVE to MCKINNON AVE (600 - 799),600 TOLAND ST,37.74344004,-122.3999326
Scotch Bonnet,01ST ST: STEVENSON ST to END (21 - 56),50 01ST ST,37.79014907,-122.3986582
F & C Catering,25TH ST: MICHIGAN ST to ILLINOIS ST (700 - 799),700 25TH ST,37.75338081,-122.3863677
May Catering,JERROLD AVE: UPTON ST to NAPOLEON ST (2201 - 2299),2270 JERROLD AVE,37.74610445,-122.4003618
May Catering,FOLSOM ST: 16TH ST to ENTERPRISE ST (2000 - 2035),2000 FOLSOM ST,37.76502716,-122.4155078
The Chai Cart,NEW MONTGOMERY ST: AMBROSE BIERCE ST to MISSION ST (77 - 99),79 NEW MONTGOMERY ST,37.7878897,-122.4005353
Halal Cart of San Francisco,MARKET ST: 01ST ST \ BUSH ST to 02ND ST (501 - 599) -- SOUTH --,555 MARKET ST,37.78988988,-122.3999304
SF Street Food,MISSION ST: ANNIE ST to 03RD ST (663 - 699),667 MISSION ST,37.78655805,-122.4010334
F & C Catering,,Assessors Block /Lot,0,0
Julie's Hot Dogs,MISSION ST: 19TH ST to 20TH ST (2300 - 2399),2386 MISSION ST,37.75887999,-122.4193792
May Catering,CHANNEL ST: 03RD ST to 04TH ST (0 - 0),Assessors Block 8711/Lot023,37.77407484,-122.3906685
Scotch Bonnet,SANSOME ST: BUSH ST to PINE ST (100 - 199),115 SANSOME ST,37.79142654,-122.4010379
May Catering,DONNER AVE: END to 03RD ST (1600 - 1699),1600 DONNER AVE,37.72400911,-122.3929868
Yummy Hot Dogs,MARKET ST: MASON ST \ TURK ST to 06TH ST \ GOLDEN GATE AVE \ TAYLOR ST (950 - 998) -- NORTH --,954 MARKET ST,37.78317542,-122.4095683
May Catering,BERRY ST: 05TH ST to 06TH ST (300 - 399),301 BERRY ST,37.77433767,-122.3940533
May Catering,MINNA ST: 10TH ST to 11TH ST (900 - 999),911 MINNA ST,37.77439801,-122.4156587
May Catering,MARIN ST: KANSAS ST to HWY 101 N ON RAMP (2500 - 2599),2525 MARIN ST,37.74761607,-122.401977
May Catering,23RD ST: HARRISON ST to TREAT AVE (3000 - 3053),3000 23RD ST,0,0
May Catering,EVANS AVE: NAPOLEON ST \ TOLAND ST to MARIN ST (2000 - 2099),2090 EVANS AVE,37.74795496,-122.3957974
F & C Catering,MINNESOTA ST: 20TH ST to 22ND ST (800 - 999),900 MINNESOTA ST,0,0
Yummy Hot Dogs,MARKET ST: MASON ST \ TURK ST to 06TH ST \ GOLDEN GATE AVE \ TAYLOR ST (943 - 999) -- SOUTH --,945 MARKET ST,37.78283416,-122.4088379
Scotch Bonnet,CALIFORNIA ST: SANSOME ST to LEIDESDORFF ST (400 - 448),430 CALIFORNIA ST,37.79326221,-122.4017891
"San Francisco Carts & Concessions, Inc. DBA Stanley's Steamers Hot Dogs",POST ST: STOCKTON ST to POWELL ST (300 - 399),384 POST ST,37.78862122,-122.4080689
Ziaurehman Amini,DRUMM ST: MARKET ST to CALIFORNIA ST (1 - 6),1 CALIFORNIA ST,37.79321373,-122.397043
"San Francisco Carts & Concessions, Inc. DBA Stanley's Steamers Hot Dogs",GEARY ST: STOCKTON ST to POWELL ST (200 - 299),Assessors Block /Lot,0,0
May Catering,16TH ST: FLORIDA ST to ALABAMA ST (2500 - 2599),2500 16TH ST,37.76582045,-122.4119684
Athena SF Gyro,08TH ST: BRANNAN ST to TOWNSEND ST (600 - 699),699 08TH ST,37.771022,-122.4035463
"Halal Cart, LLC",MARKET ST: 05TH ST \ CYRIL MAGNIN ST to MASON ST \ TURK ST (901 - 941) -- SOUTH --,901 MARKET ST,37.78347007,-122.4080407
May Catering,CESAR CHAVEZ ST: EVANS AVE to KANSAS ST (2100 - 2550),2400 CESAR CHAVEZ ST,37.74991647,-122.4011301
May Catering,HARRISON ST: 19TH ST to MISTRAL ST (2301 - 2360),2301 HARRISON ST,37.76009967,-122.412376
May Catering,HARRISON ST: 17TH ST to MARIPOSA ST (2050 - 2149),2130 HARRISON ST,37.76281495,-122.4132115
Taqueria Lolita,RANKIN ST: DAVIDSON AVE to EVANS AVE (200 - 299),1700 EVANS AVE,37.74488929,-122.390972
SF Street Food,SUTTER ST: CLAUDE LN to GRANT AVE (216 - 299),290 SUTTER ST,37.78991387,-122.4052329
Reecees Soulicious,03RD ST: NEWCOMB AVE to OAKDALE AVE (4701 - 4799) -- EAST --,4705 03RD ST,37.73500423,-122.3901725
Chilifruit,24TH ST: MISSION ST to OSAGE ALY (3300 - 3322),Assessors Block /Lot,0,0
May Catering,ULLOA ST: WOODSIDE AVE to SYDNEY WAY (1 - 56),2 ULLOA ST,37.74563668,-122.4542332
Tacos Santana,JERROLD AVE: PHELPS ST to QUINT ST (1700 - 1799),1700 JERROLD AVE,37.7424952,-122.3916176
May Catering,CHANNEL ST: END to END (0 - 0),Assessors Block 3810/Lot008,37.77203911,-122.3959746
"Casey's Pizza, LLC",POST ST: MONTGOMERY ST to LICK PL (1 - 40),1 POST ST,37.78877872,-122.4025746
