Applicant,LocationDescription,Address,Latitude,Longitude
Rita's Catering,MISSION ST: 06TH ST to 07TH ST (1000 - 1099),1028 MISSION ST,37.7806943774082,-122.409668813219
tacos y pupusas los trinos,MISSION ST: AVALON AVE to COTTER ST (4368 - 4439),4384 MISSION ST,37.7275665375917,-122.432969701989
Treats by the Bay LLC,HOWARD ST: MALDEN ALY to 02ND ST (574 - 599),201 02ND ST,37.7868016505971,-122.397871635003
El Calamar Perubian Food Truck,24TH ST: UTAH ST to POTRERO AVE (2600 - 2699),2615 24TH ST,37.7528148292211,-122.405662641918
Mike's Catering,INDIANA ST: 26TH ST to CESAR CHAVEZ ST (1500 - 1599),1575 INDIANA ST,37.7508496068125,-122.390027615501
El Calamar Perubian Food Truck,MISSION ST: ANTHONY ST to 02ND ST (573 - 599),85 02ND ST,37.7884570288289,-122.399884160566
DO UC US Mobile Catering,MARIN ST: KANSAS ST to HWY 101 N ON RAMP (2500 - 2599),2590 MARIN ST,37.7483758257779,-122.403200626496
Golden Gate Halal Food,MARKET ST: 07TH ST \ CHARLES J BRENHAM PL to 08TH ST \ GROVE ST \ HYDE ST (1101 - 1199) -- SOUTH --,1169 MARKET ST,0,0
Authentic India,MARKET ST: 09TH ST \ LARKIN ST to 10TH ST \ FELL ST \ POLK ST (1301 - 1399) -- SOUTH --,1355 MARKET ST,37.7767362127501,-122.416394930077
San Francisco's Hometown Creamery,POST ST: MONTGOMERY ST to LICK PL (1 - 40),1 MONTGOMERY ST,37.7892495340751,-122.402418597294
Plaza Garibaldy,MONTGOMERY ST: POST ST to SUTTER ST (1 - 99),1 MONTGOMERY ST,37.7892495340751,-122.402418597294
Eva's Catering,ORTEGA ST: 18TH AVE to 19TH AVE (1100 - 1199),1900 19TH AVE,37.7521241631187,-122.475872322222
Eva's Catering,ORTEGA ST: 18TH AVE to 19TH AVE (1100 - 1199),1199 ORTEGA ST,37.7835091222127,-122.4900712081
Eva's Catering,BRANNAN ST: 05TH ST to 06TH ST \ I-280 NORTHBOUND \ I-280 SOUTHBOUND (600 - 699),630 BRANNAN ST,37.7760987531573,-122.400287239868
Star Taco,HOWARD ST: MALDEN ALY to 02ND ST (574 - 599),580 HOWARD ST,37.7873042488646,-122.398037251912
Mini Mobile Food Catering,FREMONT ST: FOLSOM ST to HARRISON ST \ I-80 W OFF RAMP (300 - 399),350 FREMONT ST,37.7870765303843,-122.392982624228
Cochinita,BEALE ST: BRYANT ST \ DELANCEY ST to END (500 - 599),501 BEALE ST,37.7862367744654,-122.389066205605
Cochinita,BRYANT ST: 04TH ST \ I-80 E OFF RAMP to 05TH ST \ I-80 E ON RAMP (600 - 699),617 BRYANT ST,37.7790511115731,-122.398303881334
Mini Mobile Food Catering,BERRY ST: 05TH ST to 06TH ST (300 - 399),355 BERRY ST,37.7723639147673,-122.397040970363
Mini Mobile Food Catering,08TH ST: HERON ST to HARRISON ST (350 - 399),350 08TH ST,37.7736941524749,-122.409658441356
Eva's Catering,05TH ST: WELSH ST to BRANNAN ST (530 - 599),530 05TH ST,37.7768763887765,-122.400259575202
Mini Mobile Food Catering,HARRISON ST: BEALE ST to FREMONT ST \ I-80 W OFF RAMP (300 - 399),355 FREMONT ST,37.7873224193199,-122.392223706383
Mini Mobile Food Catering,FOLSOM ST: 12TH ST to 13TH ST (1600 - 1699),1690 FOLSOM ST,37.7701375805015,-122.415983402804
Mini Mobile Food Catering,01ST ST: CLEMENTINA ST to FOLSOM ST (245 - 299),245 01ST ST,37.7879000978181,-122.394594036205
Mini Mobile Food Catering,16TH ST: OWENS ST to 07TH ST \ MISSISSIPPI ST (700 - 899),701 16TH ST,0,0
"BOWL'D ACAI, LLC.",LARKIN ST: FULTON ST to MCALLISTER ST (200 - 299),200 LARKIN ST,37.7802154802881,-122.416025770151
"BOWL'D ACAI, LLC.",BATTERY ST: PINE ST to CALIFORNIA ST (100 - 199),111 BATTERY ST,37.7923667868831,-122.400148306767
Alfaro Truck,VALENCIA ST: 14TH ST to ROSA PARKS LN (300 - 337),306 VALENCIA ST,37.7678552693543,-122.422484404162
"BOWL'D ACAI, LLC.",MONTGOMERY ST: CALIFORNIA ST to SACRAMENTO ST (400 - 499),451 MONTGOMERY ST,37.7935769332618,-122.403229876701
Plaza Garibaldy,CALIFORNIA ST: LEIDESDORFF ST to MONTGOMERY ST (449 - 499),475 CALIFORNIA ST,37.792346385148,-122.402385322794
"San Francisco Street Foods, Inc.",POST ST: KEARNY ST to ROBERT KIRK LN (100 - 140),100 POST ST,37.7892332828961,-122.40557905421
"San Francisco Street Foods, Inc.",HOWARD ST: 03RD ST to 04TH ST (700 - 799),701 HOWARD ST,37.7835133512454,-122.400813391105
Mini Mobile Food Catering,ALAMEDA ST: HAMPSHIRE ST to BRYANT ST (2400 - 2599),Assessors Block 3905/Lot011,37.7685570713121,-122.409610236298
Mini Mobile Food Catering,11TH ST: FOLSOM ST to HARRISON ST (300 - 399),355 11TH ST,37.771467215901,-122.41287229421
Mini Mobile Food Catering,MENDELL ST: GALVEZ AVE to HUDSON AVE (600 - 699),620 MENDELL ST,37.7393786694373,-122.386337945153
Mini Mobile Food Catering,BERRY ST: 06TH ST to KING ST (400 - 431),420 BERRY ST,37.7720086564688,-122.399083845473
Mini Mobile Food Catering,KANSAS ST: CESAR CHAVEZ ST to MARIN ST (1600 - 1699),Assessors Block 4341/Lot001,37.7489503634271,-122.401493189708
Mini Mobile Food Catering,FREMONT ST: END to NATOMA ST (116 - 169),147 FREMONT ST,37.7901855706334,-122.395471725809
Mini Mobile Food Catering,LOOMIS ST: FLOWER ST to WATERLOO ST (120 - 255),491 BAY SHORE BLVD,0,0
Cochinita,07TH AVE: LINCOLN WAY to HUGO ST (1200 - 1246),1219 07TH AVE,37.7654969876192,-122.464597619571
Mini Mobile Food Catering,HARRISON ST: FREMONT ST \ I-80 W OFF RAMP to 01ST ST \ I-80 E ON RAMP (400 - 499),401 HARRISON ST,0,0
Eva's Catering,INGALLS ST: CARROLL AVE to DONNER AVE (2600 - 2699),2600 INGALLS ST,37.7226292175983,-122.390061846327
Eva's Catering,20TH AVE: LAWTON ST to MORAGA ST (1600 - 1699),1650 20TH AVE,37.7579841905286,-122.433465780407
"San Francisco Street Foods, Inc.",NEW MONTGOMERY ST: MARKET ST \ MONTGOMERY ST intersection,2 MONTGOMERY ST,37.7893919761027,-122.401824747121
Eva's Catering,ORTEGA ST: 18TH AVE to 19TH AVE (1100 - 1199),1100 ORTEGA ST,37.7526605204123,-122.475473531781
Eva's Catering,EVANS AVE: NAPOLEON ST \ TOLAND ST to MARIN ST (2000 - 2099),2045 EVANS AVE,37.7477720916075,-122.397031718978
Plaza Garibaldy,HOWARD ST: 01ST ST to MALDEN ALY (500 - 589),540 HOWARD ST,37.7879549596858,-122.397236543731
Golden Gate Halal Food,MARKET ST: MASON ST \ TURK ST to 06TH ST \ GOLDEN GATE AVE \ TAYLOR ST (943 - 999) -- SOUTH --,979 MARKET ST,37.7822807724186,-122.40953118732
San Francisco's Hometown Creamery,CALIFORNIA ST: SANSOME ST to LEIDESDORFF ST (400 - 448),425 CALIFORNIA ST,37.7927957415787,-122.401353280931
"San Francisco Street Foods, Inc.",SACRAMENTO ST: FRONT ST to BATTERY ST (300 - 399),1 THE EMBARCADERO,37.7946438346195,-122.399644298529
"San Francisco Street Foods, Inc.",DRUMM ST: CALIFORNIA ST intersection,5 THE EMBARCADERO,37.7943310032468,-122.395811053023
"Bay Area Dots, LLC",TAYLOR ST: BAY ST intersection,567 BAY ST,0,0
"Bay Area Dots, LLC",BEACH ST: HYDE ST to LARKIN ST (700 - 799),900 BEACH ST,37.8077432884455,-122.42414994487
DO UC US Mobile Catering,PARNASSUS AVE: HILLWAY AVE to 03RD AVE (400 - 599),400 PARNASSUS AVE,37.7638640323832,-122.458391749844
Cochinita,DIVISADERO ST: MCALLISTER ST to GOLDEN GATE AVE (901 - 999) -- WEST --,999 DIVISADERO ST,37.778384300969,-122.438782388567
Street Meet,MINNESOTA ST: 04TH ST \ MARIPOSA ST to 18TH ST (500 - 599),777 MARIPOSA ST,37.7638112772906,-122.391265350599
Papalote Inc.,SPEAR ST: MARKET ST to MISSION ST (1 - 99),60 SPEAR ST,37.7925359884311,-122.394593199235
DO UC US Mobile Catering,04TH ST: MISSION BAY BLVD to NELSON RISING LN (1400 - 1499),1420 04TH ST,37.7698977488961,-122.391098279635
Treats by the Bay LLC,ELLIS ST: POWELL ST to CYRIL MAGNIN ST (100 - 148),120 ELLIS ST,37.7856100863691,-122.408154764345
Lerso,MISSION ST: 10TH ST to 11TH ST (1400 - 1499),1450 MISSION ST,37.775228307834,-122.41746613187
Treats by the Bay LLC,04TH ST: NELSON RISING LN to GENE FRIEND WAY (1500 - 1599),1550 04TH ST,37.7691244121681,-122.391474911246
Senor Sisig,ELLIS ST: POWELL ST to CYRIL MAGNIN ST (100 - 148),120 ELLIS ST,37.7856100863691,-122.408154764345
Senor Sisig,PINE ST: SANSOME ST to CENTURY PL (300 - 340),300 PINE ST,0,0
FRUITYMANIA,MARKET ST: 04TH ST \ ELLIS ST \ STOCKTON ST to POWELL ST (800 - 890) -- NORTH --,870 MARKET ST,37.7851109204478,-122.407422668277
"Bay Area Mobile Catering, Inc. dba. Taqueria Angelica's",CESAR CHAVEZ ST: INDIANA ST to IOWA ST (1300 - 1399),1301 CESAR CHAVEZ ST,37.7492558595291,-122.390975379577
"Bay Area Mobile Catering, Inc. dba. Taqueria Angelica's",FOLSOM ST: 11TH ST to NORFOLK ST (1500 - 1548),1501 FOLSOM ST,37.7715867026703,-122.414007043024
"Bay Area Mobile Catering, Inc. dba. Taqueria Angelica's",25TH ST: ALABAMA ST to HARRISON ST (3042 - 3099),3065 25TH ST,37.7509316476402,-122.411419966206
"Bay Area Mobile Catering, Inc. dba. Taqueria Angelica's",MISSION ST: 10TH ST to 11TH ST (1400 - 1499),1455 MARKET ST,37.775228307834,-122.41746613187
Senor Sisig,10TH ST: FELL ST \ MARKET ST \ POLK ST to END (1 - 18),8 10TH ST,37.7758255197583,-122.417249626643
Senor Sisig,MISSION ST: 05TH ST to MINT ST (900 - 930),901 MISSION ST,37.7821536409986,-122.406601106839
Senor Sisig,BROADWAY: DAVIS ST to FRONT ST (50 - 99),90 BROADWAY,37.7992601135023,-122.399617948655
Golden Catering,EXECUTIVE PARK BLVD: EMERALD COVE WAY to CANDLESTICK COVE WAY (101 - 137),101 EXECUTIVE PARK BLVD,0,0
Papalote Inc.,HOWARD ST: FREMONT ST to 01ST ST (400 - 499),400 HOWARD ST,37.7891192076677,-122.395881039335
Senor Sisig,02ND ST: MISSION ST to MINNA ST (100 - 130),120 02ND ST,37.7875140607381,-122.399566331429
Senor Sisig,CALIFORNIA ST: DAVIS ST to FRONT ST (100 - 199),101 CALIFORNIA ST,37.7929489528347,-122.398098613167
Senor Sisig,FRONT ST: BROADWAY to VALLEJO ST (800 - 899),90 BROADWAY,37.7992601135023,-122.399617948655
Treats by the Bay LLC,MARKET ST: STEUART ST to SPEAR ST (1 - 99) -- SOUTH --,1 MARKET ST,37.7938715071506,-122.394865238621
"The New York Frankfurter Co. of CA, Inc. DBA: Annie's Hot Dogs",STOCKTON ST: 04TH ST \ ELLIS ST \ MARKET ST intersection,800 MARKET ST,37.7854697464899,-122.406615761073
San Francisco's Hometown Creamery,GEARY ST: STOCKTON ST to POWELL ST (200 - 299),281 GEARY ST,37.7871364910861,-122.407718509001
Golden Catering,CRESCENT AVE: ANDERSON ST to ELLSWORTH ST (600 - 699),601 CRESCENT AVE,37.7350052991284,-122.415417409745
FRUITYMANIA,MARKET ST: 04TH ST \ ELLIS ST \ STOCKTON ST to POWELL ST (801 - 863) -- SOUTH --,801 MARKET ST,37.7849902793065,-122.405676629072
"The New York Frankfurter Co. of CA, Inc. DBA: Annie's Hot Dogs",MARKET ST: 04TH ST \ ELLIS ST \ STOCKTON ST to POWELL ST (800 - 890) -- NORTH --,870 MARKET ST,37.7851109204478,-122.407422668277
Giant Burrito,GENEVA AVE: PRAGUE ST to LINDA VISTA STPS (1500 - 1598) -- SOUTH --,1500 GENEVA AVE,37.7123026047444,-122.431644190373
Faith Sandwich,MISSION ST: SHAW ALY to ANTHONY ST (543 - 586),560 MISSION ST,37.788864715343,-122.399359351363
Curry Up Now,,225 BUSH ST,37.7908384194517,-122.401160370299
DO UC US Mobile Catering,03RD ST: MISSION BAY BLVD to WARRIORS WAY (1401 - 1599) -- EAST --,1501 03RD ST,37.7708922310318,-122.389169231483
Golden Catering,BAY SHORE BLVD: LELAND AVE to VISITACION AVE (2401 - 2499) -- EAST --,2401 BAY SHORE BLVD,37.710933792981,-122.40278453801
Los 2 Cuates,MARIPOSA ST: ARKANSAS ST to CAROLINA ST (1500 - 1699),1601 MARIPOSA ST,0,0
Golden Catering,EXECUTIVE PARK BLVD: CRESCENT WAY to HARNEY WAY (300 - 399),301 EXECUTIVE PARK BLVD,37.7116322811949,-122.390016333636
Buenafe,MISSISSIPPI ST: 07TH ST \ 16TH ST to 17TH ST (1 - 99),901 16TH ST,37.766124694427,-122.39547306227
Golden Catering,JAMESTOWN AVE: GRIFFITH ST to CORONADO ST (800 - 850),835 JAMESTOWN AVE,37.7171741618036,-122.392222474624
Union Square Business Improvement District,MAIDEN LN: GRANT AVE to STOCKTON ST (100 - 199),Assessors Block /Lot,0,0
Los 2 Cuates,SPEAR ST: MISSION ST to HOWARD ST (100 - 199),100 SPEAR ST,37.7921505484817,-122.393999974059
JapaCurry,MISSION ST: 02ND ST to NEW MONTGOMERY ST (600 - 634),602 MISSION ST,37.787973283216,-122.400185049889
Giant Burrito,BAY SHORE BLVD: FLOWER ST to CORTLAND AVE (341 - 489) -- EAST --,353 BAY SHORE BLVD,37.7417178307439,-122.405417977448
"The New York Frankfurter Co. of CA, Inc. DBA: Annie's Hot Dogs",STOCKTON ST: OFARRELL ST to GEARY ST (100 - 199),101 STOCKTON ST,37.7868561118831,-122.406891892997
Cochinita,02ND ST: BRYANT ST to TABER PL (500 - 518),501 02ND ST,37.7831711043434,-122.392901049479
JapaCurry,SANSOME ST: PINE ST to CALIFORNIA ST (200 - 299),217 SANSOME ST,37.7923898619832,-122.401269695236
JapaCurry,HOWARD ST: FREMONT ST to 01ST ST (400 - 499),400 HOWARD ST,37.7891192076677,-122.395881039335
Curry Up Now,WASHINGTON ST: DRUMM ST intersection,370 DRUMM ST,37.7969137124835,-122.396650675264
Isidoro Serrano,21ST ST: CAPP ST to MISSION ST (3150 - 3199),2501 MISSION ST,37.7568774515357,-122.418579889476
"Expresso Subito, LLC.",FRONT ST: CALIFORNIA ST to HALLECK ST (200 - 234),150 CALIFORNIA ST,37.7936733815047,-122.398463509486
"Expresso Subito, LLC.",MISSION ST: ANTHONY ST to 02ND ST (573 - 599),85 02ND ST,37.7884570288289,-122.399884160566
Shah's Halal Food,MARKET ST: BATTERY ST to SUTTER ST (540 - 558) -- NORTH --,532 MARKET ST,37.7905483181832,-122.400333673679
Liang Bai Ping,PALOU AVE: END to GRIFFITH ST (904 - 999),Assessors Block /Lot,0,0
"Expresso Subito, LLC.",CALIFORNIA ST: DAVIS ST to FRONT ST (100 - 199),150 CALIFORNIA ST,37.7936733815047,-122.398463509486
Cochinita,BRANNAN ST: ZOE ST to 04TH ST (440 - 499),490 BRANNAN ST,37.7788631355002,-122.396444359358
"Off the Grid Services, LLC",BRANNAN ST: STANFORD ST to JACK LONDON ALY (324 - 353),340 BRANNAN ST,37.7812646860228,-122.393229041538
Cochinita,TOWNSEND ST: LUSK ST to 04TH ST (252 - 299),290 TOWNSEND ST,37.7777552165686,-122.394807823179
Natan's Catering,,Assessors Block 8722/Lot003,37.7674330173312,-122.392149114172
Natan's Catering,23RD ST: END to ILLINOIS ST (100 - 699),435 23RD ST,37.7550307267667,-122.384530734223
"Off the Grid Services, LLC",BRANNAN ST: 04TH ST to 05TH ST (500 - 599),525 BRANNAN ST,37.7775132646755,-122.397044134482
Think is Good Inc.,PINE ST: FRONT ST to BATTERY ST (100 - 199),100 PINE ST,37.7926407167337,-122.398970332111
MOMO INNOVATION LLC,MISSION ST: SHAW ALY to ANTHONY ST (543 - 586),555 MISSION ST,37.7884461569013,-122.398641242039
MOMO INNOVATION LLC,BUSH ST: BATTERY ST to SANSOME ST (100 - 199),1 BUSH ST,37.7909215072692,-122.400100423738
Think is Good Inc.,MISSION ST: SHAW ALY to ANTHONY ST (543 - 586),560 MISSION ST,37.788864715343,-122.399359351363
Think is Good Inc.,CALIFORNIA ST: SANSOME ST to LEIDESDORFF ST (400 - 448),430 CALIFORNIA ST,37.7932622069231,-122.401789091363
Faith Sandwich,MAIN ST: MARKET ST to MISSION ST (1 - 99),58 MAIN ST,37.792109338609,-122.395803865502
Tacos Lol-Tun,ARMSTRONG AVE: KEITH ST to 03RD ST (1600 - 1699),1610 ARMSTRONG AVE,37.7265943633868,-122.392355625631
Flavors of Africa,HOWARD ST: FREMONT ST to 01ST ST (400 - 499),405 HOWARD ST,37.7885300106325,-122.395144293874
Flavors of Africa,MISSION ST: SHAW ALY to ANTHONY ST (543 - 586),555 MISSION ST,37.7884461569013,-122.398641242039
Natan's Catering,,Assessors Block 4172/Lot010,37.7571245603861,-122.388529515257
Natan's Catering,,1650 03RD ST,37.7691244121681,-122.391474911246
Natan's Catering,,Assessors Block 4103/Lot023A,37.7583033956425,-122.393514054817
Tacos El Ojo De Agua,03RD ST: SOUTH PARK to VARNEY PL (548 - 586),551 03RD ST,37.7806472100484,-122.394629181662
Natan's Catering,QUINT ST: ARTHUR AVE to CUSTER AVE (1 - 199),50 QUINT ST,37.7464705066471,-122.388990808654
Natan's Catering,ILLINOIS ST: 25TH ST to END (1500 - 1599),Assessors Block 4296/Lot010,37.7524049924783,-122.387000196298
Natan's Catering,ALEMANY BLVD: FOLSOM ST to ELLSWORTH ST \ I-280 S OFF RAMP \ I-280 S ON RAMP (400 - 498) -- NORTH --,400 ALEMANY BLVD,37.7331423951426,-122.414568632419
Natan's Catering,03RD ST: MARIN ST to ARTHUR AVE \ CARGO WAY (3201 - 3399) -- EAST --,3201 03RD ST,37.7484453388377,-122.38687903198
Natan's Catering,,Assessors Block 5598/Lot031,37.740303872806,-122.406059743494
Natan's Catering,25TH ST: MARYLAND ST to MICHIGAN ST (400 - 699),Assessors Block 4241/Lot002,37.7533400011811,-122.384128384237
Natan's Catering,07TH ST: HOOPER ST to IRWIN ST (1100 - 1199),1140 07TH ST,37.7682493867935,-122.398430650214
Natan's Catering,16TH ST: 04TH ST to OWENS ST (600 - 699),600 16TH ST,37.7674662871448,-122.390860289431
Natan's Catering,EVANS AVE: NAPOLEON ST \ TOLAND ST to MARIN ST (2000 - 2099),2045 EVANS AVE,37.7477720916075,-122.397031718978
Natan's Catering,BURKE AVE: END to 03RD ST (1500 - 1599),1580 BURKE AVE,37.7447521916164,-122.385679248721
Natan's Catering,CESAR CHAVEZ ST: 03RD ST to TENNESSEE ST (1000 - 1099),Assessors Block 4315/Lot03008,0,0
Natan's Catering,,Assessors Block 4046/Lot001,37.7620084580302,-122.385441811568
Flavors of Africa,MISSION ST: SHAW ALY to ANTHONY ST (543 - 586),560 MISSION ST,37.788864715343,-122.399359351363
Natan's Catering,,Assessors Block 4058/Lot010,37.7611829945051,-122.388118704077
Natan's Catering,HARRISON ST: MERLIN ST to OAK GROVE ST (924 - 950),950 HARRISON ST,37.7783886157866,-122.403191783229
Natan's Catering,MENDELL ST: CARGO WAY to NEWHALL ST (1 - 199),151 MENDELL ST,37.7428202346759,-122.382847355518
Natan's Catering,,Assessors Block 7295/Lot022,37.7300036831892,-122.478186325415
Natan's Catering,03RD ST: 18TH ST to 19TH ST (2101 - 2199) -- EAST --,2101 03RD ST,0,0
Natan's Catering,POTRERO AVE: 10TH ST \ BRANNAN ST \ DIVISION ST to ALAMEDA ST (1 - 99),66 POTRERO AVE,37.7685432890242,-122.408492892439
Natan's Catering,26TH ST: RHODE ISLAND ST to KANSAS ST (2200 - 2299),Assessors Block 4281a/Lot012A,37.7507607694601,-122.401540291357
Natan's Catering,CONNECTICUT ST: 17TH ST to MARIPOSA ST (100 - 199),146 CONNECTICUT ST,37.7644472955619,-122.397987371508
Natan's Catering,,Assessors Block 4227/Lot012,37.7531551067155,-122.391174184456
Natan's Catering,,Assessors Block 5216/Lot030,37.7454064294164,-122.390081224847
Natan's Catering,EVANS AVE: RANKIN ST to SELBY ST (1800 - 1890),1801 EVANS AVE,37.7445911950917,-122.393076880858
Natan's Catering,,Assessors Block 5369/Lot003,37.7381177715919,-122.404418467212
Natan's Catering,MISSOURI ST: 20TH ST to SIERRA ST (500 - 630),555 MISSOURI ST,37.7593037663834,-122.395902231236
Natan's Catering,HARRISON ST: 26TH ST to KAMILLE CT (3000 - 3048),3040 HARRISON ST,37.7488480565663,-122.412618994655
Natan's Catering,MISSION BAY BLVD SOUTH: 03RD ST \ MISSION BAY BLVD to 04TH ST \ MISSION BAY BLVD (501 - 599),Assessors Block 8732/Lot001,37.7707029760975,-122.390790355566
Natan's Catering,17TH ST: MISSION ST to HOFF ST (3300 - 3343),3335 17TH ST,37.7631563932265,-122.420322231526
Natan's Catering,MARIN ST: END to MICHIGAN ST (800 - 899),888 MARIN ST,37.749458329027,-122.385081339678
Natan's Catering,ILLINOIS ST: MARIPOSA ST \ TERRY A FRANCOIS BLVD to 18TH ST (600 - 699),Assessors Block 3941/Lot001,37.764741322675,-122.387124812179
Natan's Catering,KANSAS ST: 16TH ST to 17TH ST (300 - 399),350 KANSAS ST,37.7653706693171,-122.403907848212
Natan's Catering,,Assessors Block 8722/Lot001,37.7679955456856,-122.387549426547
Paradise Catering,HOWARD ST: 08TH ST to 09TH ST (1200 - 1299),1252 HOWARD ST,37.7757254849348,-122.412656122589
Paradise Catering,09TH ST: BRYANT ST \ HWY 101 N OFF RAMP to BRANNAN ST (500 - 599),555 09TH ST,37.771027796614,-122.407314201313
Paradise Catering,MISSION ST: 06TH ST to 07TH ST (1000 - 1099),1023 MISSION ST,37.7802159385025,-122.409057485501
Paradise Catering,FOLSOM ST: FALMOUTH ST to 06TH ST (947 - 999),965 FOLSOM ST,37.7790012679178,-122.404485090358
Paradise Catering,MISSION ST: 07TH ST to ANGELOS ALY \ JULIA ST (1100 - 1165),1131 MISSION ST,37.7783853586477,-122.4113825395
Paradise Catering,10TH ST: FOLSOM ST to SHERIDAN ST (300 - 353),340 10TH ST,37.7720098406711,-122.412462796214
Paradise Catering,HARRISON ST: ESSEX ST \ I-80 E ON RAMP to 02ND ST (550 - 599),575 HARRISON ST,37.7844204919929,-122.394380639101
Paradise Catering,FOLSOM ST: SHERMAN ST to MOSS ST (1061 - 1078),1069 FOLSOM ST,37.7770478751493,-122.407035093451
Paradise Catering,CLEMENTINA ST: 01ST ST to ECKER ST (1 - 37),19 CLEMENTINA ST,37.787157744174,-122.395447605152
Paradise Catering,MINNA ST: 07TH ST to JULIA ST (600 - 666),621 MINNA ST,37.7782328396736,-122.410822989507
Paradise Catering,GEARY ST: HYDE ST to LARKIN ST (800 - 899),855 GEARY ST,37.7859156878693,-122.417302284685
Paradise Catering,FRANKLIN ST: HAYES ST to IVY ST (300 - 348),300 FRANKLIN ST,37.7776578362104,-122.420652330833
Paradise Catering,FRANKLIN ST: FULTON ST to MCALLISTER ST (466 - 599),301 VAN NESS AVE,37.7790554424684,-122.420935196036
Paradise Catering,07TH ST: CLEVELAND ST to HARRISON ST (314 - 399),370 07TH ST,37.7757128589746,-122.406950379686
Paradise Catering,GRACE ST: MISSION ST to HOWARD ST (1 - 99),65 GRACE ST,37.7749445348205,-122.414436744752
Paradise Catering,MISSION ST: 06TH ST to 07TH ST (1000 - 1099),1045 MISSION ST,37.7797445729388,-122.409648343061
Paradise Catering,HARRIET ST: HOWARD ST to FOLSOM ST (1 - 99),15 HARRIET ST,37.7791762107668,-122.407221758472
Paradise Catering,MINNA ST: 08TH ST to 09TH ST (700 - 799),786 MINNA ST,37.7762227595142,-122.413907330441
Paradise Catering,MISSION ST: 07TH ST to ANGELOS ALY \ JULIA ST (1100 - 1165),1119 MISSION ST,37.7786515145076,-122.411229567525
Paradise Catering,RUSS ST: TULIP ALY to NATOMA ST (20 - 39),25 RUSS ST,37.7794637316225,-122.408867951023
Paradise Catering,COLUMBIA SQUARE ST: FOLSOM ST to HARRISON ST (1 - 99),57 COLUMBIA SQUARE ST,37.7773831451062,-122.405458166501
Paradise Catering,FOLSOM ST: DORE ST to 10TH ST (1345 - 1399),1398 FOLSOM ST,37.7730967713109,-122.412745077205
Paradise Catering,CLAY ST: MONTGOMERY ST to KEARNY ST (600 - 699),634 CLAY ST,37.7947930010178,-122.403863885865
Paradise Catering,BRANNAN ST: HARRIET ST to LUCERNE ST (715 - 743),732 BRANNAN ST,37.7742302291309,-122.402102214519
Paradise Catering,HARRISON ST: MERLIN ST to OAK GROVE ST (924 - 950),938 HARRISON ST,0,0
Paradise Catering,03RD ST: MISSION BAY BLVD to WARRIORS WAY (1401 - 1599) -- EAST --,1455 03RD ST,37.7711099394372,-122.389190040328
Paradise Catering,DORE ST: HOWARD ST to FOLSOM ST (1 - 99),45 DORE ST,37.7740709289616,-122.412903986908
Paradise Catering,,Assessors Block /Lot,0,0
"Off the Grid Services, LLC",SANSOME ST: SUTTER ST to BUSH ST (1 - 99),1 BUSH ST,37.7909215072692,-122.400100423738
Mike's Catering,BROADWAY: POWELL ST \ ROBERT C LEVY TUNL to MASON ST (800 - 898) -- NORTH --,860 BROADWAY,37.7975789880604,-122.411439886089
Treats by the Bay LLC,POST ST: MONTGOMERY ST to LICK PL (1 - 40),1 MONTGOMERY ST,37.7892495340751,-122.402418597294
Datam SF LLC dba Anzu To You,TAYLOR ST: BAY ST to NORTH POINT ST (2500 - 2599),2535 TAYLOR ST,37.805885350101,-122.415945246637
May Catering,04TH ST: CHINA BASIN ST to MISSION BAY BLVD (1300 - 1399),1322 04TH ST,37.7638707601661,-122.460600563879
Park's Catering,PHELPS ST: FAIRFAX AVE to SAM JORDANS WAY (500 - 599),525 PHELPS ST,37.7417606496655,-122.389097970195
Park's Catering,RANKIN ST: DAVIDSON AVE to EVANS AVE (200 - 299),220 RANKIN ST,37.7464697881148,-122.391515238772
Wu Wei LLC dba MoBowl,STEUART LN: HOWARD ST \ STEUART ST to END (200 - 299),75 HOWARD ST,37.7915578641549,-122.391671499786
Treats by the Bay LLC,MARKET ST: DOLORES ST to 14TH ST (2001 - 2085) -- SOUTH --,2029 MARKET ST,37.7683100595534,-122.427416515356
MOMO INNOVATION LLC,CALIFORNIA ST: DAVIS ST to FRONT ST (100 - 199),101 CALIFORNIA ST,37.7929489528347,-122.398098613167
MOMO INNOVATION LLC,PINE ST: FRONT ST to BATTERY ST (100 - 199),160 PINE ST,37.792524940842,-122.399415781865
Mike's Catering,ILLINOIS ST: 16TH ST to MARIPOSA ST \ TERRY A FRANCOIS BLVD (400 - 599),409 ILLINOIS ST,0,0
Park's Catering,EVANS AVE: HUNTERS POINT BLVD to JENNINGS ST \ MIDDLE POINT RD (1031 - 1099),1000 EVANS AVE,37.7377268665958,-122.376572914573
Mike's Catering,BROADWAY: BATTERY ST to SANSOME ST (200 - 299),250 BROADWAY,37.7987549364009,-122.401798793854
Mike's Catering,INDIANA ST: 23RD ST to 25TH ST \ I-280 N ON RAMP (1200 - 1399),Assessors Block 4228/Lot080,37.7536799789675,-122.390414532294
Quan Catering,03RD ST: 25TH ST to 26TH ST (2900 - 2998) -- WEST --,2920 03RD ST,37.7519716288769,-122.387965483801
Park's Catering,BURKE AVE: END to 03RD ST (1500 - 1599),1575 BURKE AVE,37.7441784473757,-122.386715929759
Mike's Catering,STANFORD ST: BRANNAN ST to TOWNSEND ST (1 - 100),Assessors Block 3788/Lot002,37.7810746780754,-122.391705661167
Park's Catering,NEWHALL ST: MENDELL ST to EVANS AVE (200 - 399),220 NEWHALL ST,37.7430142496315,-122.384460244935
Quan Catering,BRYANT ST: 04TH ST \ I-80 E OFF RAMP to 05TH ST \ I-80 E ON RAMP (600 - 699),645 BRYANT ST,37.7782665766946,-122.398835922445
Mike's Catering,CESAR CHAVEZ ST: EVANS AVE to KANSAS ST (2100 - 2550),2323 CESAR CHAVEZ ST,37.7488013777145,-122.400552458785
May Catering,YORK ST: 18TH ST to 19TH ST (600 - 699),620 YORK ST,37.7615718487197,-122.409444718958
Quan Catering,ALANA WAY: COUNTY LINE intersection,151 EXECUTIVE PARK BLVD,0,0
Park's Catering,INNES AVE: ARELIOUS WALKER DR to GRIFFITH ST (800 - 899),Assessors Block 4645/Lot015,37.7321349519222,-122.375398078567
Quan Catering,ALABAMA ST: TREAT AVE to 15TH ST (201 - 212),201 ALABAMA ST,37.767797843619,-122.412096318861
Quan Catering,LANE ST: VAN DYKE AVE to 03RD ST (2100 - 2199),2111 LANE ST,37.7287879577264,-122.392294820702
Park's Catering,03RD ST: EVANS AVE to FAIRFAX AVE (3801 - 3899) -- EAST --,3801 03RD ST,37.7410262077887,-122.387792927994
Park's Catering,MARIN ST: KANSAS ST to HWY 101 N ON RAMP (2500 - 2599),2525 MARIN ST,37.7476160722331,-122.401976975724
Mike's Catering,CHINA BASIN ST: TERRY A FRANCOIS BLVD to 03RD ST (300 - 499),435 CHINA BASIN ST,0,0
Park's Catering,MISSISSIPPI ST: END to CESAR CHAVEZ ST (1200 - 1299),1200 MISSISSIPPI ST,37.7516910357229,-122.394374213263
Mike's Catering,CHINA BASIN ST: TERRY A FRANCOIS BLVD to 03RD ST (300 - 499),Assessors Block 8720/Lot009,37.7721522432444,-122.387742984116
CARDONA'S FOOD TRUCK,MISSION ST: 14TH ST to 15TH ST (1800 - 1899),1800 MISSION ST,37.7678171814141,-122.420575335142
Two G's Catering,BERRY ST: 04TH ST to 05TH ST (200 - 299),201 BERRY ST,37.7755661544145,-122.393279842341
Two G's Catering,ILLINOIS ST: 16TH ST to MARIPOSA ST \ TERRY A FRANCOIS BLVD (400 - 599),409 ILLINOIS ST,0,0
Two G's Catering,TOWNSEND ST: 06TH ST to 07TH ST (500 - 599),516 TOWNSEND ST,37.7734452149215,-122.400482576546
Two G's Catering,WILLIAMS AVE: CERES ST to MENDELL ST (65 - 99),71 WILLIAMS AVE,37.7292233375937,-122.394613062664
Two G's Catering,03RD ST: WARRIORS WAY to 16TH ST (1601 - 1799) -- EAST --,1799 03RD ST,37.7679955456856,-122.387549426547
Two G's Catering,INDIANA ST: 20TH ST to 22ND ST (800 - 999),975 INDIANA ST,37.7581699396153,-122.390900582667
Two G's Catering,08TH ST: BRYANT ST to BRANNAN ST (500 - 599),599 08TH ST,37.7718682257671,-122.405657636251
Two G's Catering,TERRY A FRANCOIS BLVD: MISSION BAY BLVD to MISSION BAY BLVD (0 - 0),Assessors Block 8720/Lot008,37.7711580369615,-122.386931257562
Two G's Catering,BRYANT ST: KATE ST to DECATUR ST (940 - 983),950 BRYANT ST,37.773610979516,-122.405958407112
Two G's Catering,BEALE ST: DAVIS ST \ MARKET ST \ PINE ST to MISSION ST (1 - 99),30 BEALE ST,37.7917770783642,-122.397132524462
Two G's Catering,25TH ST: MINNESOTA ST to I-280 N ON RAMP \ INDIANA ST (1100 - 1199),1150 25TH ST,37.7531390379784,-122.390246816981
CARDONA'S FOOD TRUCK,MISSION ST: 14TH ST to 15TH ST (1800 - 1899),1888 MISSION ST,37.7668976025592,-122.420322473068
Two G's Catering,CHINA BASIN ST: TERRY A FRANCOIS BLVD to 03RD ST (300 - 499),435 CHINA BASIN ST,0,0
"Off the Grid Services, LLC",04TH ST: HOWARD ST to CLEMENTINA ST (200 - 267),250 04TH ST,37.7823601210175,-122.402095994563
"Off the Grid Services, LLC",BERRY ST: 03RD ST to 04TH ST (100 - 199),185 BERRY ST,37.7763271477899,-122.391796821077
"Off the Grid Services, LLC",BERRY ST: 03RD ST to 04TH ST (100 - 199),185 BERRY ST,37.7763271477899,-122.391796821077
"Off the Grid Services, LLC",BROADWAY: DAVIS ST to FRONT ST (50 - 99),90 BROADWAY,37.7992601135023,-122.399617948655
Two G's Catering,BRYANT ST: LANGTON ST to KATE ST (920 - 977),945 BRYANT ST,37.7730940844723,-122.405145856485
Mike's Catering,CESAR CHAVEZ ST: EVANS AVE to KANSAS ST (2100 - 2550),2200 CESAR CHAVEZ ST,37.7500488259704,-122.399672059709
Park's Catering,EVANS AVE: NAPOLEON ST \ TOLAND ST to MARIN ST (2000 - 2099),2020 EVANS AVE,0,0
Quan Catering,BRANNAN ST: HARRIET ST to LUCERNE ST (715 - 743),722 BRANNAN ST,37.7744491107754,-122.402087236063
Park's Catering,NEWHALL ST: MENDELL ST to EVANS AVE (200 - 399),330 NEWHALL ST,37.7429898747753,-122.386773267176
Park's Catering,CESAR CHAVEZ ST: EVANS AVE to KANSAS ST (2100 - 2550),2323 CESAR CHAVEZ ST,37.7488013777145,-122.400552458785
Park's Catering,NAPOLEON ST: EVANS AVE \ TOLAND ST to JERROLD AVE (25 - 299),190 NAPOLEON ST,37.7475862762565,-122.398865700796
Quan Catering,CESAR CHAVEZ ST: CONNECTICUT ST to EVANS AVE (1900 - 2099),2190 CESAR CHAVEZ ST,37.7502368847791,-122.397818031719
Quan Catering,SELBY ST: HUDSON AVE to INNES AVE (500 - 599),500 SELBY ST,37.7444982132112,-122.396955405842
Park's Catering,03RD ST: ARTHUR AVE \ CARGO WAY to BURKE AVE (3400 - 3498) -- WEST --,3450 03RD ST,37.7457292216884,-122.387797650837
Park's Catering,ARELIOUS WALKER DR: PALOU AVE to QUESADA AVE (1300 - 1399),Assessors Block 4755/Lot049,37.7263829321822,-122.378434782668
Park's Catering,NAPOLEON ST: EVANS AVE \ TOLAND ST to JERROLD AVE (25 - 299),250 NAPOLEON ST,37.7467555544775,-122.400906270359
Quan Catering,02ND ST: HOWARD ST to TEHAMA ST (200 - 227),222 02ND ST,37.786319798284,-122.398235074249
Quan Catering,BEALE ST: HARRISON ST to BRYANT ST \ DELANCEY ST (400 - 499),400 BEALE ST,37.786904919457,-122.390920262962
Park's Catering,INNES AVE: EARL ST to ARELIOUS WALKER DR (700 - 799),Assessors Block 4644/Lot008,37.7309061503597,-122.373302577485
Ziaurehman Amini,MARKET ST: DRUMM ST intersection,5 THE EMBARCADERO,37.7943310032468,-122.395811053023
Park's Catering,LOOMIS ST: BARNEVELD AVE \ MCKINNON AVE to OAKDALE AVE (1 - 99),10 LOOMIS ST,37.7437839233827,-122.40378882961
Quan Catering,CALIFORNIA ST: DRUMM ST to DAVIS ST (1 - 99),50 CALIFORNIA ST,37.7940531837329,-122.397347693326
Mike's Catering,23RD ST: END to ILLINOIS ST (100 - 699),435 23RD ST,37.7550307267667,-122.384530734223
Quan Catering,,3305 03RD ST,37.7438311721327,-122.377797368962
Quan Catering,BAY SHORE BLVD: VISITACION AVE to SUNNYDALE AVE (2501 - 2599) -- EAST --,2555 BAY SHORE BLVD,37.7093754640014,-122.404154378509
Quan Catering,CESAR CHAVEZ ST: INDIANA ST to IOWA ST (1300 - 1399),1301 CESAR CHAVEZ ST,37.7492558595291,-122.390975379577
Mike's Catering,MINNESOTA ST: 24TH ST to 25TH ST (1300 - 1399),1310 MINNESOTA ST,37.7536998999438,-122.390068346908
Mike's Catering,TERRY A FRANCOIS BLVD: MISSION BAY BLVD to MISSION BAY BLVD (0 - 0),Assessors Block 8722/Lot005,37.7696400322177,-122.386236654199
Park's Catering,NEWHALL ST: MENDELL ST to EVANS AVE (200 - 399),300 NEWHALL ST,37.7432246838616,-122.385342973421
Quan Catering,BURKE AVE: END to 03RD ST (1500 - 1599),1575 BURKE AVE,37.7441784473757,-122.386715929759
Park's Catering,DAVIDSON AVE: RANKIN ST to SELBY ST (1600 - 1699),1650 DAVIDSON AVE,37.7467113030403,-122.392150319453
Park's Catering,EVANS AVE: RANKIN ST to SELBY ST (1800 - 1890),1801 EVANS AVE,37.7445911950917,-122.393076880858
Quan Catering,03RD ST: ARTHUR AVE \ CARGO WAY to BURKE AVE (3401 - 3499) -- EAST --,3433 03RD ST,0,0
Park's Catering,BURKE AVE: END to 03RD ST (1500 - 1599),1555 BURKE AVE,37.743713475368,-122.385964790036
Park's Catering,BURKE AVE: END to 03RD ST (1500 - 1599),1570 BURKE AVE,37.7447521916164,-122.385679248721
D & T Catering,WASHINGTON ST: MAPLE ST to CHERRY ST (3800 - 3899),3839 WASHINGTON ST,37.788583655156,-122.456059894366
Liang Bai Ping,PALOU AVE: END to GRIFFITH ST (904 - 999),931 PALOU AVE,37.7267339112416,-122.378972005236
Liang Bai Ping,MAIN ST: FOLSOM ST to HARRISON ST (300 - 399),201 FOLSOM ST,37.7881452832928,-122.391181920263
"Chairman SF, LLC",02ND ST: BRANNAN ST to TOWNSEND ST (600 - 699),625 02ND ST,37.7816889753451,-122.391061817287
Liang Bai Ping,HAWES ST: SHAFTER AVE to THOMAS AVE (1500 - 1599),1153 SHAFTER AVE,37.7264851632165,-122.383232458707
Liang Bai Ping,REVERE AVE: GRIFFITH ST to CRISP RD (1100 - 1188),1145 REVERE AVE,37.7265904795194,-122.381752211406
Philz Coffee Truck,MARINA BLVD: LAGUNA ST to BEACH ST \ BUCHANAN ST \ LOWER FORT MASON ST (1 - 99),15 MARINA BLVD,37.8045778690901,-122.433010774343
BH & MT LLC,16TH ST: SPENCER ST to DOLORES ST (3220 - 3299),3253 16TH ST,37.7644595214424,-122.425161376358
Philz Coffee Truck,PINE ST: BATTERY ST to SANSOME ST (200 - 299),250 PINE ST,37.7922955998187,-122.400706897233
BH & MT LLC,GROVE ST: SCOTT ST to DIVISADERO ST (1200 - 1299),1265 GROVE ST,37.7757743684103,-122.437331607841
MOMO INNOVATION LLC,CALIFORNIA ST: BATTERY ST to SANSOME ST (300 - 399),351 CALIFORNIA ST,37.7928707497415,-122.400747494077
Philz Coffee Truck,MONTGOMERY ST: COLUMBUS AVE \ WASHINGTON ST to JACKSON ST (700 - 799),735 MONTGOMERY ST,37.7962154965941,-122.403754558245
Philz Coffee Truck,CALIFORNIA ST: SANSOME ST to LEIDESDORFF ST (400 - 448),401 CALIFORNIA ST,37.7927957415787,-122.401353280931
BH & MT LLC,OTIS ST: GOUGH ST \ MCCOPPIN ST to 13TH ST \ DUBOCE AVE \ HWY 101 NORTHBOUND RAMP \ MISSION ST (100 - 199),170 OTIS ST,0,0
BH & MT LLC,PRESIDIO AVE: POST ST to GEARY BLVD (900 - 999),949 PRESIDIO AVE,37.7839220701115,-122.446721633172
Philz Coffee Truck,SUTTER ST: POWELL ST to MASON ST (500 - 599),556 SUTTER ST,37.7893854510391,-122.409591260467
BH & MT LLC,GROVE ST: BRODERICK ST to BAKER ST (1400 - 1499),1477 GROVE ST,37.7752901423195,-122.440731162111
BH & MT LLC,23RD ST: END to ILLINOIS ST (100 - 699),401 23RD ST,37.7550307267667,-122.384530734223
Kettle Corn Star,MARKET ST: POWELL ST to 05TH ST \ CYRIL MAGNIN ST (865 - 899) -- SOUTH --,865 MARKET ST,37.7839469079742,-122.407158344984
John's Catering #5,PINE ST: MONTGOMERY ST to BELDEN ST (400 - 489),555 CALIFORNIA ST,37.7922616341775,-122.403485955391
BH & MT LLC,MARKET ST: CHURCH ST to 15TH ST (2101 - 2195) -- SOUTH --,2145 MARKET ST,37.7666247727157,-122.429511176347
MOMO INNOVATION LLC,MISSION ST: ANNIE ST to 03RD ST (663 - 699),667 MISSION ST,37.7865580501799,-122.40103337535
BH & MT LLC,DOLORES ST: 14TH ST intersection,2001 MARKET ST,37.7683202495106,-122.427110643955
Liang Bai Ping,FREMONT ST: NATOMA ST to HOWARD ST (170 - 199),Assessors Block 3720/Lot001,37.789691367587,-122.396595637084
Liang Bai Ping,DONNER AVE: INGALLS ST to JENNINGS ST (1400 - 1499),1475 CARROLL AVE,37.7232598663241,-122.391172885969
Liang Bai Ping,QUESADA AVE: ARELIOUS WALKER DR to GRIFFITH ST (1000 - 1099),1031 QUESADA AVE,37.7257891398124,-122.378972719624
Liang Bai Ping,GRIFFITH ST: SHAFTER AVE to THOMAS AVE (1500 - 1599),1515 GRIFFITH ST,37.7253194336755,-122.381389209427
Liang Bai Ping,BANCROFT AVE: INGALLS ST to JENNINGS ST (1400 - 1499),1460 BANCROFT AVE,37.7244132432963,-122.390157239611
Liang Bai Ping,UNDERWOOD AVE: INGALLS ST to JENNINGS ST (1300 - 1399),1389 UNDERWOOD AVE,37.7271104333828,-122.388261288144
Liang Bai Ping,FELL ST: BRODERICK ST to BAKER ST (1300 - 1399),1377 FELL ST,37.7732879404704,-122.440032316635
"Chairman SF, LLC",ELLIS ST: 04TH ST \ MARKET ST \ STOCKTON ST to POWELL ST (1 - 99),34 ELLIS ST,37.7875651653788,-122.40959283348
May Catering,HARRISON ST: MARIPOSA ST to 18TH ST (2150 - 2198),2150 HARRISON ST,0,0
Liang Bai Ping,THOMAS AVE: GRIFFITH ST to HAWES ST (1100 - 1199),1180 THOMAS AVE,37.726125239645,-122.383199327239
Liang Bai Ping,WALLACE AVE: JENNINGS ST to KEITH ST (1500 - 1599),1500 WALLACE AVE,37.7267257938118,-122.389249858027
"San Francisco Carts & Concessions, Inc. DBA Stanley's Steamers Hot Dogs",GEARY ST: STOCKTON ST to POWELL ST (200 - 299),251 GEARY ST,37.7871762917416,-122.407398075958
Liang Bai Ping,JENNINGS ST: VAN DYKE AVE to WALLACE AVE (2100 - 2199),2115 JENNINGS ST,37.7267279782571,-122.388658428832
Liang Bai Ping,YOSEMITE AVE: INGALLS ST to JENNINGS ST (1400 - 1499),1430 YOSEMITE AVE,37.7254980479505,-122.388369150442
Liang Bai Ping,REVERE AVE: GRIFFITH ST to CRISP RD (1100 - 1188),1135 REVERE AVE,37.726470716246,-122.381541219158
D & T Catering,PACIFIC AVE: BRODERICK ST to BAKER ST (2900 - 2999),2940 PACIFIC AVE,37.792385444513,-122.443991509437
Liang Bai Ping,YOSEMITE AVE: INGALLS ST to JENNINGS ST (1400 - 1499),1420 YOSEMITE AVE,37.7251817007288,-122.388192688444
"San Francisco Carts & Concessions, Inc. DBA Stanley's Steamers Hot Dogs",GEARY ST: STOCKTON ST to POWELL ST (200 - 299),233 GEARY ST,37.7872426025967,-122.406879738213
Fresh Made Cafe,MISSION ST: 05TH ST to MINT ST (900 - 930),901 MISSION ST,37.7821536409986,-122.406601106839
Liang Bai Ping,WALLACE AVE: INGALLS ST to JENNINGS ST (1400 - 1499),1450 WALLACE AVE,37.7261456924729,-122.388227740903
Liang Bai Ping,BEALE ST: FOLSOM ST to HARRISON ST (300 - 399),300 BEALE ST,37.7881394788716,-122.392579515374
D & T Catering,SCOTT ST: PACIFIC AVE to BROADWAY (2500 - 2599),2521 SCOTT ST,37.7933225090245,-122.440119274474
Liang Bai Ping,BANCROFT AVE: JENNINGS ST to KEITH ST (1500 - 1599),1555 BANCROFT AVE,37.7243975297434,-122.391505116383
Liang Bai Ping,THOMAS AVE: HAWES ST to INGALLS ST (1200 - 1299),1212 THOMAS AVE,37.7266647697066,-122.384144224606
D & T Catering,GREEN ST: BAKER ST to LYON ST (2800 - 2899),2854 GREEN ST,37.795051430826,-122.446134422674
D & T Catering,SCOTT ST: VALLEJO ST to GREEN ST (2700 - 2799),2750 SCOTT ST,37.7953158932065,-122.4399079176
La Jefa,BAY SHORE BLVD: WATERLOO ST to MARENGO ST (501 - 559) -- EAST --,531 BAY SHORE BLVD,37.7387268039871,-122.406736029905
D & T Catering,GREEN ST: SCOTT ST to DIVISADERO ST (2500 - 2599),2590 GREEN ST,37.7955856498634,-122.441718244288
D & T Catering,VALLEJO ST: WEBSTER ST to FILLMORE ST (2200 - 2299),2201 VALLEJO ST,0,0
Liang Bai Ping,SHAFTER AVE: GRIFFITH ST to HAWES ST (1100 - 1199),1127 SHAFTER AVE,37.7259455580465,-122.382281153253
Tacos Rodriguez,OAKDALE AVE: INDUSTRIAL ST \ SELBY ST to TOLAND ST (2100 - 2199),2198 OAKDALE AVE,37.7409947350024,-122.401172335386
Liang Bai Ping,VAN DYKE AVE: INGALLS ST to JENNINGS ST (1300 - 1399),1337 VAN DYKE AVE,37.7262494817986,-122.387815368014
"Chairman SF, LLC",MISSION ST: ECKER ST to SHAW ALY (521 - 548),536 MISSION ST,37.7892489084137,-122.398892959346
D & T Catering,PACIFIC AVE: LYON ST to PRESIDIO AVE \ PRESIDIO BLVD (3100 - 3199),3100 PACIFIC AVE,37.7920290580811,-122.446576890144
Liang Bai Ping,OFARRELL ST: BRODERICK ST to SAINT JOSEPHS AVE (2200 - 2299),2200 OFARRELL ST,0,0
Liang Bai Ping,THOMAS AVE: HAWES ST to INGALLS ST (1200 - 1299),1265 THOMAS AVE,37.7267096753687,-122.385294691187
Tacos El Flaco,03RD ST: 25TH ST to 26TH ST (2901 - 2999) -- EAST --,2901 03RD ST,37.7524049924783,-122.387000196298
D & T Catering,JACKSON ST: MAPLE ST to CHERRY ST (3700 - 3799),3756 JACKSON ST,37.7899082332987,-122.456762533982
Liang Bai Ping,YOSEMITE AVE: HAWES ST to INGALLS ST (1300 - 1399),1335 YOSEMITE AVE,37.7238788408325,-122.387010878785
D & T Catering,BROADWAY: DIVISADERO ST to BRODERICK ST (2700 - 2799),2710 BROADWAY,37.7936813457741,-122.442002100568
Tacos Rodriguez,EVANS AVE: KEITH ST to MENDELL ST (1201 - 1399) -- SOUTH --,1275 EVANS AVE,37.739111429745,-122.382464971136
D & T Catering,BROADWAY: BAKER ST to LYON ST (2900 - 2999),2970 BROADWAY,37.7931766386244,-122.446061864659
Liang Bai Ping,REVERE AVE: GRIFFITH ST to CRISP RD (1100 - 1188),1160 REVERE AVE,37.7272340074959,-122.38181551187
Liang Bai Ping,BANCROFT AVE: INGALLS ST to JENNINGS ST (1400 - 1499),1440 BANCROFT AVE,37.7241728927613,-122.389735429011
Liang Bai Ping,DONNER AVE: INGALLS ST to JENNINGS ST (1400 - 1499),1450 DONNER AVE,37.7230565093389,-122.391111940642
"Chairman SF, LLC",CALIFORNIA ST: SANSOME ST to LEIDESDORFF ST (400 - 448),400 CALIFORNIA ST,0,0
"San Francisco Carts & Concessions, Inc. DBA Stanley's Steamers Hot Dogs",GEARY ST: GRANT AVE to STOCKTON ST (100 - 199),100 GEARY ST,37.7879142297241,-122.405270523095
Tacos Rodriguez,MENDELL ST: GALVEZ AVE to HUDSON AVE (600 - 699),600 MENDELL ST,37.7396787918079,-122.386493384555
D & T Catering,BROADWAY: BAKER ST to LYON ST (2900 - 2999),2960 BROADWAY,37.793186123336,-122.445889418675
"San Francisco Carts & Concessions, Inc. DBA Stanley's Steamers Hot Dogs",POST ST: STOCKTON ST to POWELL ST (300 - 399),345 STOCKTON ST,37.7889101495704,-122.407196034122
Liang Bai Ping,GRIFFITH ST: QUESADA AVE to REVERE AVE (1300 - 1399),1300 GRIFFITH ST,37.7270866339514,-122.381074448749
D & T Catering,WASHINGTON ST: LAUREL ST to LOCUST ST (3500 - 3599),3550 WASHINGTON ST,37.7896668269621,-122.451627836117
D & T Catering,BROADWAY: BRODERICK ST to BAKER ST (2800 - 2899),2840 BROADWAY,37.7934414335598,-122.443891213784
D & T Catering,GREEN ST: BRODERICK ST to BAKER ST (2700 - 2799),2701 GREEN ST,37.7949290950499,-122.443832982483
Liang Bai Ping,VAN DYKE AVE: INGALLS ST to JENNINGS ST (1300 - 1399),1370 VAN DYKE AVE,37.7269507643782,-122.387979956262
D & T Catering,FRANCISCO ST: POLK ST to VAN NESS AVE (1100 - 1199),1150 FRANCISCO ST,37.8037902440403,-122.424145174983
Tacos Rodriguez,SANSOME ST: SUTTER ST to BUSH ST (1 - 99),1 SANSOME ST,37.790485146128,-122.40094044069
Liang Bai Ping,UNDERWOOD AVE: INGALLS ST to JENNINGS ST (1300 - 1399),1351 UNDERWOOD AVE,37.7270146636245,-122.387497359022
D & T Catering,UNION ST: DIVISADERO ST to BRODERICK ST (2600 - 2699),2616 UNION ST,37.7964799968164,-122.442530024725
Munch A Bunch,WEBSTER ST: CLAY ST to WASHINGTON ST (2200 - 2299),2200 WEBSTER ST,0,0
"Off the Grid Services, LLC",BROADWAY: DAVIS ST to FRONT ST (50 - 99),90 BROADWAY,37.7992601135023,-122.399617948655
Two G's Catering,MISSION ROCK ST: 03RD ST to 04TH ST (500 - 599),555 MISSION ROCK ST,0,0
Two G's Catering,BARNEVELD AVE: JERROLD AVE to LOOMIS ST \ MCKINNON AVE (100 - 299),175 BARNEVELD AVE,37.7448024193644,-122.402540218927
Two G's Catering,,840 BRANNAN ST,37.772561689774,-122.404474024011
Two G's Catering,BERRY ST: 04TH ST to 05TH ST (200 - 299),235 BERRY ST,37.7747030474687,-122.39408939657
Let's Be Frank,HAYES ST: GOUGH ST to OCTAVIA ST (400 - 499),425 HAYES ST,37.7765668965195,-122.423395376727
Let's Be Frank,LINDEN ST: GOUGH ST to OCTAVIA ST (300 - 399),404 OCTAVIA ST,37.7760390626659,-122.424175571492
Bonito Poke,ILLINOIS ST: 16TH ST to MARIPOSA ST \ TERRY A FRANCOIS BLVD (400 - 599),409 ILLINOIS ST,37.7662450471029,-122.387356286511
Kettle Corn Star,MARKET ST: YERBA BUENA LN to 04TH ST \ ELLIS ST \ STOCKTON ST (767 - 799) -- SOUTH --,773 MARKET ST,37.7853956394405,-122.40439104283
Bonito Poke,01ST ST: HOWARD ST to TEHAMA ST (200 - 231),505 HOWARD ST,37.7879886489953,-122.396100668472
Bonito Poke,HOWARD ST: FREMONT ST to 01ST ST (400 - 499),400 HOWARD ST,37.7891192076677,-122.395881039335
"Halal Cart, LLC",MARKET ST: FREMONT ST \ FRONT ST to 01ST ST \ BUSH ST (401 - 499) -- SOUTH --,455 MARKET ST,37.7909470419234,-122.398633589404
El Alambre,BOUTWELL ST: INDUSTRIAL ST \ LOOMIS ST to END (1 - 95),1 BOUTWELL ST,37.7377602011598,-122.405546988394
"Halal Cart, LLC",MONTGOMERY ST: CALIFORNIA ST to SACRAMENTO ST (400 - 499),400 MONTGOMERY ST,37.7931486269835,-122.402567175578
Wu Wei LLC dba MoBowl,WASHINGTON ST: THE EMBARCADERO to DRUMM ST (1 - 99),370 DRUMM ST,37.7969137124835,-122.396650675264
El Alambre,FRANKLIN ST: MYRTLE ST to GEARY BLVD (1150 - 1199),1188 FRANKLIN ST,37.7852719490668,-122.422603585164
El Alambre,FRANKLIN ST: OFARRELL ST \ STARR KING WAY to MYRTLE ST (1100 - 1149),1100 FRANKLIN ST,37.7848460277555,-122.422568133137
Wu Wei LLC dba MoBowl,HOWARD ST: 01ST ST to MALDEN ALY (500 - 589),500 HOWARD ST,0,0
Wu Wei LLC dba MoBowl,FRONT ST: VALLEJO ST to GREEN ST (900 - 999),900 FRONT ST,37.8002209155922,-122.399569018577
Wu Wei LLC dba MoBowl,DRUMM ST: CLAY ST to WASHINGTON ST (200 - 299),253 DRUMM ST,37.7961233802521,-122.397273204338
"Halal Cart, LLC",MARKET ST: STEUART ST to SPEAR ST (1 - 99) -- SOUTH --,1 MARKET ST,37.7938715071506,-122.394865238621
Halal Cart of San Francisco,CALIFORNIA ST: LEIDESDORFF ST to MONTGOMERY ST (449 - 499),400 MONTGOMERY ST,37.7931486269835,-122.402567175578
Halal Cart of San Francisco,MARKET ST: STEUART ST to SPEAR ST (1 - 99) -- SOUTH --,1 MARKET ST,37.7938715071506,-122.394865238621
Cochinita,24TH ST: UTAH ST to POTRERO AVE (2600 - 2699),2601 24TH ST,37.7528223681215,-122.405531919216
Esmeli Catering,HOOPER ST: 07TH ST to 08TH ST (100 - 199),Assessors Block /Lot,0,0
Got Snacks,03RD ST: TERRY A FRANCOIS BLVD to CHANNEL ST (1000 - 1099),1020 03RD ST,37.7755101380495,-122.390999306002
Singh Brothers Ice Cream,BANCROFT AVE: JENNINGS ST to KEITH ST (1500 - 1599),1562 BANCROFT AVE,37.7254507021723,-122.391991641418
Roadside Rotisserie Corporation / Country Grill,BUSH ST: 01ST ST \ MARKET ST to BATTERY ST (1 - 99),1 BUSH ST,37.7909215072692,-122.400100423738
Roadside Rotisserie Corporation / Country Grill,BATTERY ST: CALIFORNIA ST to HALLECK ST (200 - 230),225 BATTERY ST,37.7934465278161,-122.400343675592
SF Cart Project,MISSION BAY BLVD SOUTH: 03RD ST \ MISSION BAY BLVD to 04TH ST \ MISSION BAY BLVD (501 - 599),535 MISSION BAY BLVD SOUTH,37.7691244121681,-122.391474911246
Munch A Bunch,FULTON ST: FRANKLIN ST to GOUGH ST (300 - 399),365 FULTON ST,37.7784935971852,-122.422954747396
John's Catering #5,TURK ST: GOUGH ST to LAGUNA ST (900 - 1099),1003 TURK ST,37.7808684365681,-122.425467726618
Ruru Juice LLC,SUTTER ST: SANSOME ST to MONTGOMERY ST (50 - 99),80 SUTTER ST,37.7903462473414,-122.401850190989
El Tonayense #60,HARRISON ST: MISTRAL ST to 20TH ST (2345 - 2399),2355 FOLSOM ST,0,0
Munch A Bunch,07TH ST: CLEVELAND ST to HARRISON ST (314 - 399),355 07TH ST,37.7763814259936,-122.406934051626
Los 2 Cuates,02ND ST: STILLMAN ST to BRYANT ST (454 - 499),490 02ND ST,37.78304609975,-122.39406659923
May Catering,EVANS AVE: HUNTERS POINT BLVD to JENNINGS ST \ MIDDLE POINT RD (1031 - 1099),1059 EVANS AVE,37.7365721824187,-122.378209667202
"SOHOMEI, LLC",BURKE AVE: END to 03RD ST (1500 - 1599),1570 BURKE AVE,37.7447521916164,-122.385679248721
Buenafe,RANKIN ST: DAVIDSON AVE to EVANS AVE (200 - 299),220 RANKIN ST,37.7457492406203,-122.392481487678
Singh Brothers Ice Cream,HOLLISTER AVE: HAWES ST to INGALLS ST (1000 - 1099),1000 HOLLISTER AVE,37.7189398190959,-122.390517872066
"SOHOMEI, LLC",MASONIC AVE: MCALLISTER ST to FULTON ST (500 - 599),500 MASONIC AVE,37.7765500428191,-122.446307635558
"SOHOMEI, LLC",22ND ST: SAN BRUNO AVE to UTAH ST (2400 - 2449),2401 22ND ST,37.7556370098323,-122.405101930379
The Huge Hotdog Concession,POLK ST: BUSH ST to AUSTIN ST \ FRANK NORRIS ST (1300 - 1329),1300 POLK ST,37.7888771172666,-122.420091020038
Singh Brothers Ice Cream,PALOU AVE: HAWES ST to INGALLS ST (1100 - 1199),1101 PALOU AVE,37.7286714428179,-122.381865088641
CC Acquisition LLC,VALENCIA ST: 16TH ST to 17TH ST (500 - 599),560 VALENCIA ST,37.7638580813603,-122.422082620993
Roadside Rotisserie Corporation / Country Grill,FRONT ST: BROADWAY to VALLEJO ST (800 - 899),90 BROADWAY,37.7992601135023,-122.399617948655
Akuranvyka USA Inc,SANSOME ST: GOLD ST to PACIFIC AVE (705 - 799),727 SANSOME ST,37.7969490060212,-122.402183431894
John's Catering #5,03RD ST: 16TH ST to MARIPOSA ST (1800 - 1998) -- WEST --,1900 03RD ST,37.7651064631908,-122.38967948729
Singh Brothers Ice Cream,INGALLS ST: GEORGE CT to OAKDALE AVE (1300 - 1399),1309 INGALLS ST,37.7303742378628,-122.381861878657
Street Meet,GROVE ST: 08TH ST \ HYDE ST \ MARKET ST to LARKIN ST (1 - 55),30 GROVE ST,37.779159119969,-122.415807882427
Swell Cream & Coffee,TARAVAL ST: 34TH AVE to 35TH AVE (2400 - 2499),2450 TARAVAL ST,37.7425503735592,-122.492677082215
Subs on Hubs,,Assessors Block 8711/Lot021,37.7714019465879,-122.391771646847
Munch A Bunch,PARNASSUS AVE: HILLWAY AVE to 03RD AVE (400 - 599),400 PARNASSUS AVE,37.7638640323832,-122.458391749844
May Catering,MARIPOSA ST: 04TH ST \ MINNESOTA ST to INDIANA ST (700 - 799),777 MARIPOSA ST,37.7638112772906,-122.391265350599
Singh Brothers Ice Cream,KIRKWOOD AVE: NEWHALL ST to PHELPS ST (1600 - 1699),1698 KIRKWOOD AVE,37.7393571608675,-122.391522811759
Ruru Juice LLC,MISSION ST: 02ND ST to NEW MONTGOMERY ST (600 - 634),601 MISSION ST,37.7876716444879,-122.399762925839
CC Acquisition LLC,MARKET ST: 01ST ST \ BUSH ST to 02ND ST (501 - 599) -- SOUTH --,525 MARKET ST,37.7904067199405,-122.399275886086
John's Catering #5,BRYANT ST: 19TH ST to 20TH ST (2100 - 2199),2157 BRYANT ST,37.7597962717227,-122.409573421624
Tres Agaves Mexican Kitchen & Tequila Lounge LLC. dba Tres Truck,RHODE ISLAND ST: 16TH ST to 17TH ST (300 - 399),301 RHODE ISLAND ST,37.7654597374682,-122.402136376179
"SOHOMEI, LLC",MISSION ST: ANNIE ST to 03RD ST (663 - 699),690 MISSION ST,0,0
Roadside Rotisserie Corporation / Country Grill,BRANNAN ST: STANFORD ST to JACK LONDON ALY (324 - 353),333 BRANNAN ST,37.780918000993,-122.392416983133
John's Catering #5,HOWARD ST: BEALE ST to FREMONT ST (300 - 399),300 HOWARD ST,37.7895693138966,-122.395129390521
"SOHOMEI, LLC",TREAT AVE: DIVISION ST \ FLORIDA ST to ALAMEDA ST (1 - 99),Assessors Block 3902/Lot002,37.7683069928,-122.412000336092
"Santana ESG, Inc.",SANSOME ST: SUTTER ST to BUSH ST (1 - 99),1 SANSOME ST,37.790485146128,-122.40094044069
Singh Brothers Ice Cream,HARBOR RD: NORTHRIDGE RD to INGALLS ST (1 - 299),297 HARBOR RD,37.7334388116408,-122.380467549518
La Jefa,SANSOME ST: BUSH ST to PINE ST (100 - 199),155 SANSOME ST,37.7918342630555,-122.401279616596
Singh Brothers Ice Cream,INGERSON AVE: JENNINGS ST to 03RD ST (1100 - 1199),1173 INGERSON AVE,37.7204493626594,-122.395915014237
"SOHOMEI, LLC",DAVIDSON AVE: QUINT ST to RANKIN ST (1500 - 1599),1580 DAVIDSON AVE,37.7456930261204,-122.390714584821
May Catering,LE CONTE AVE: 03RD ST to KEITH ST (1039 - 1099),1075 LE CONTE AVE,37.7187880790201,-122.39810598775
John's Catering #5,MISSION ST: SHAW ALY to ANTHONY ST (543 - 586),560 MISSION ST,37.788864715343,-122.399359351363
Singh Brothers Ice Cream,DONNER AVE: INGALLS ST to JENNINGS ST (1400 - 1499),1475 DONNER AVE,37.7227936887593,-122.391719666472
Singh Brothers Ice Cream,GRIFFITH ST: INGERSON AVE to JAMESTOWN AVE (2900 - 2999),2900 GRIFFITH ST,37.716991290324,-122.38959908417
Singh Brothers Ice Cream,PENINSULA AVE: BLANKEN AVE to LATHROP AVE (300 - 399),360 PENINSULA AVE,37.7108412835853,-122.399642614963
El Tonayense #60,HARRISON ST: 17TH ST to MARIPOSA ST (2050 - 2149),401 TREAT AVE,37.7631083253767,-122.413454890022
Subs on Hubs,BRANNAN ST: 08TH ST to 09TH ST (900 - 999),934 BRANNAN ST,37.7711790005481,-122.406573673429
"Santana ESG, Inc.",SHOTWELL ST: 16TH ST to 17TH ST (200 - 299),200 SHOTWELL ST,37.7647453507195,-122.41656213947
"SOHOMEI, LLC",02ND ST: FEDERAL ST to SOUTH PARK (519 - 548),544 02ND ST,37.7824235632947,-122.393236399398
Singh Brothers Ice Cream,KISKA RD: DORMITORY RD \ KIRKWOOD AVE to REARDON RD (141 - 199),195 KISKA RD,37.729438288454,-122.376657800723
Akuranvyka USA Inc,03RD ST: BRANNAN ST to TOWNSEND ST (600 - 699),601 03RD ST,37.7800771744392,-122.393767294483
El Gallo Jiro,23RD ST: TREAT AVE to FOLSOM ST (3052 - 3099),3055 23RD ST,37.7539277357265,-122.413323129618
Singh Brothers Ice Cream,KEY AVE: JENNINGS ST to 03RD ST (1000 - 1068),1060 KEY AVE,37.7192002177133,-122.395976731096
John's Catering #5,REDWOOD ST: POLK ST to VAN NESS AVE (100 - 199),180 REDWOOD ST,37.7808315769119,-122.419942864682
Tacos El Primo,QUINT ST: DAVIDSON AVE to EVANS AVE (300 - 399),1700 EVANS AVE,37.744889286143,-122.390971976935
El Tonayanse #4 / #36,HARRISON ST: 13TH ST to 14TH ST (1700 - 1799),1717 HARRISON ST,0,0
Tres Agaves Mexican Kitchen & Tequila Lounge LLC. dba Tres Truck,16TH ST: KANSAS ST to VERMONT ST (1700 - 1799),1700 16TH ST,37.76621745068,-122.403952784121
Los 2 Cuates,CALIFORNIA ST: LEIDESDORFF ST to MONTGOMERY ST (449 - 499),475 CALIFORNIA ST,37.792346385148,-122.402385322794
La Jefa,SUTTER ST: SANSOME ST to MONTGOMERY ST (50 - 99),80 SUTTER ST,37.7903462473414,-122.401850190989
Tacos El Primo,JENNINGS ST: WALLACE AVE to YOSEMITE AVE (2200 - 2299),1495 WALLACE AVE,37.7259304950399,-122.389215559421
"SOHOMEI, LLC",CLAY ST: BATTERY ST to SANSOME ST (400 - 499),432 CLAY ST,37.7951055609814,-122.400876633726
Marengo,WATERLOO ST: MARENGO ST to BAY SHORE BLVD (40 - 99),75 WATERLOO ST,37.7386499426562,-122.406186114295
San Pancho's Tacos,ALEMANY BLVD: SICKLES AVE to I-280 N ON RAMP \ REGENT ST \ SAN JOSE AVE (3101 - 3155) -- SOUTH --,3119 ALEMANY BLVD,37.7101930199757,-122.455221906126
Subs on Hubs,08TH ST: FOLSOM ST to RINGOLD ST (300 - 341),333 08TH ST,37.7749754998217,-122.409385823194
Singh Brothers Ice Cream,SHAFTER AVE: HAWES ST to INGALLS ST (1200 - 1299),1207 SHAFTER AVE,37.7267082729622,-122.3836249172
"SOHOMEI, LLC",MASONIC AVE: MCALLISTER ST to FULTON ST (500 - 599),599 MASONIC AVE,37.7807231475444,-122.447789640478
San Pancho's Tacos,CAPITOL AVE: DE MONTFORT AVE to OCEAN AVE (1200 - 1299),1271 CAPITOL AVE,37.7242977785276,-122.459377309548
John's Catering #5,HARRISON ST: ALAMEDA ST to 15TH ST (1830 - 1899),1830 HARRISON ST,37.7679845948645,-122.413953822522
Munch A Bunch,LARKIN ST: FERN ST to BUSH ST (1127 - 1199),1144 LARKIN ST,37.7885275753132,-122.418313685721
La Jefa,04TH ST: NELSON RISING LN to GENE FRIEND WAY (1500 - 1599),1550 04TH ST,37.7691244121681,-122.391474911246
John's Catering #5,14TH ST: SHOTWELL ST to SOUTH VAN NESS AVE (139 - 199),164 14TH ST,37.7687652509586,-122.416902205953
Anas Goodies Catering,SHOTWELL ST: 15TH ST to 16TH ST (100 - 199),131 SHOTWELL ST,37.7479309361129,-122.415193153909
John's Catering #5,MARIPOSA ST: HAMPSHIRE ST to YORK ST (2500 - 2599),2500 MARIPOSA ST,37.7637272136329,-122.40933414879
Munch India,CALIFORNIA ST: SANSOME ST to LEIDESDORFF ST (400 - 448),400 CALIFORNIA ST,37.793304275561,-122.401458998413
John's Catering #5,NATOMA ST: FREMONT ST to 01ST ST (1 - 19),400 HOWARD ST,37.7891192076677,-122.395881039335
"SOHOMEI, LLC",PINE ST: POLK ST to VAN NESS AVE (1500 - 1599),1540 PINE ST,37.7898269187633,-122.421126289056
"SOHOMEI, LLC",CESAR CHAVEZ ST: SOUTH VAN NESS AVE to CAPP ST \ MISSION ST (3300 - 3398) -- NORTH --,3300 CESAR CHAVEZ ST,37.7485497942591,-122.416170662008
John's Catering #5,,50 IVY ST,37.7781283797338,-122.418652129997
John's Catering #5,HARRISON ST: FREMONT ST \ I-80 W OFF RAMP to 01ST ST \ I-80 E ON RAMP (400 - 499),401 HARRISON ST,37.7860625210972,-122.392176463949
Julie's Hot Dogs,MISSION ST: 19TH ST to 20TH ST (2300 - 2399),2365 MISSION ST,37.7592402851502,-122.418544171117
Wonder Philly,04TH ST: BERRY ST to CHANNEL ST (900 - 999),960 04TH ST,37.7743376663696,-122.394053286313
Singh Brothers Ice Cream,WALLACE AVE: JENNINGS ST to KEITH ST (1500 - 1599),1550 WALLACE AVE,37.727168068782,-122.390029148701
Singh Brothers Ice Cream,YOSEMITE AVE: INGALLS ST to JENNINGS ST (1400 - 1499),1420 YOSEMITE AVE,37.7251817007288,-122.388192688444
Munch A Bunch,17TH ST: SAN BRUNO AVE to UTAH ST (2200 - 2299),2222 17TH ST,37.7652159489938,-122.406006972029
SPUNBYSS,02ND ST: TEHAMA ST to CLEMENTINA ST (224 - 273),240 02ND ST,37.7859403201734,-122.397799933858
Roadside Rotisserie Corporation / Country Grill,POST ST: MONTGOMERY ST to LICK PL (1 - 40),1 POST ST,37.788778723378,-122.402574568411
Singh Brothers Ice Cream,FITZGERALD AVE: HAWES ST to INGALLS ST (1100 - 1199),1104 FITZGERALD AVE,37.7201747226493,-122.389407114342
Singh Brothers Ice Cream,QUESADA AVE: CRISP RD to HAWES ST (1170 - 1199),1191 QUESADA AVE,37.7277444907011,-122.382107375242
"SOHOMEI, LLC",MISSION ST: 07TH ST to ANGELOS ALY \ JULIA ST (1100 - 1165),1118 MISSION ST,37.7791572053411,-122.411615430519
Street Meet,LARKIN ST: GROVE ST to FULTON ST (100 - 199),100 LARKIN ST,37.779159119969,-122.415807882427
Munch A Bunch,TURK ST: WEBSTER ST to FILLMORE ST (1300 - 1399),1345 TURK ST,0,0
John's Catering #5,BRANNAN ST: 05TH ST to 06TH ST \ I-280 NORTHBOUND \ I-280 SOUTHBOUND (600 - 699),610 BRANNAN ST,37.7766269199223,-122.399555503787
San Pancho's Tacos,BAY SHORE BLVD: CORTLAND AVE to WATERLOO ST (491 - 499) -- EAST --,491 BAY SHORE BLVD,0,0
John's Catering #5,HAYES ST: SHRADER ST to STANYAN ST (2200 - 2299),2200 HAYES ST,0,0
John's Catering #5,HARRISON ST: 16TH ST \ TREAT AVE to 17TH ST (2000 - 2099),2010 HARRISON ST,37.7875875047281,-122.390471540332
Singh Brothers Ice Cream,JENNINGS ST: VAN DYKE AVE to WALLACE AVE (2100 - 2199),2115 JENNINGS ST,37.7267279782571,-122.388658428832
"Santana ESG, Inc.",HARRISON ST: 21ST ST to 22ND ST (2500 - 2599),2598 HARRISON ST,0,0
Subs on Hubs,05TH ST: HARRISON ST \ I-80 W OFF RAMP to PERRY ST (400 - 449),400 05TH ST,37.7787103919009,-122.40183935033
Singh Brothers Ice Cream,NIBBI CT: GILLETTE AVE to END (1 - 99),35 NIBBI CT,37.7104516918675,-122.396149078996
"SOHOMEI, LLC",HOWARD ST: 01ST ST to MALDEN ALY (500 - 589),501 HOWARD ST,0,0
San Francisco's Hometown Creamery,PINE ST: SANSOME ST to CENTURY PL (300 - 340),301 PINE ST,37.7918342630555,-122.401279616596
Singh Brothers Ice Cream,JAMESTOWN AVE: GRIFFITH ST to CORONADO ST (800 - 850),800 JAMESTOWN AVE,37.7164430021474,-122.389937879321
Singh Brothers Ice Cream,JENNINGS ST: KEY AVE to LE CONTE AVE (3400 - 3499),3444 JENNINGS ST,37.7185220485664,-122.396661444417
"SOHOMEI, LLC",02ND ST: JESSIE ST to MISSION ST (69 - 99),85 02ND ST,37.7884570288289,-122.399884160566
Julie's Hot Dogs,MISSION ST: 14TH ST to 15TH ST (1800 - 1899),1850 MISSION ST,37.7673550213698,-122.420517913829
John's Catering #5,MASONIC AVE: EWING TER to TURK BLVD (200 - 298) -- EAST --,270 MASONIC AVE,37.7789185898934,-122.446748796815
"SOHOMEI, LLC",ELLIS ST: LARKIN ST to POLK ST (700 - 799),730 ELLIS ST,37.7844207368995,-122.418405351782
"SOHOMEI, LLC",VALENCIA ST: 18TH ST to 19TH ST (700 - 799),740 VALENCIA ST,37.7609571682785,-122.421824199358
"SOHOMEI, LLC",EDDY ST: STEINER ST to PIERCE ST (1600 - 1699),1652 EDDY ST,37.7815967457602,-122.43485778844
Quick Grub,SANSOME ST: SUTTER ST to BUSH ST (1 - 99),1 BUSH ST,37.7909215072692,-122.400100423738
Serendipity SF,CALIFORNIA ST: SANSOME ST to LEIDESDORFF ST (400 - 448),400 CALIFORNIA ST,37.793304275561,-122.401458998413
"Kabob Trolley, LLC",MISSION ST: 07TH ST to ANGELOS ALY \ JULIA ST (1100 - 1165),1133 MISSION ST,37.7783302557659,-122.411515865268
Tacos El Primo,WILLIAMS AVE: APOLLO ST to PHELPS ST \ VESTA ST (300 - 399),345 WILLIAMS AVE,37.7298054805741,-122.399247104724
CC Acquisition LLC,MARKET ST: MAIN ST to BEALE ST \ DAVIS ST \ PINE ST (214 - 298) -- NORTH --,298 MARKET ST,37.7932137316634,-122.397043036718
John's Catering #5,MARKET ST: 12TH ST \ PAGE ST to FRANKLIN ST (1591 - 1615) -- SOUTH --,1601 MARKET ST,37.7739150656798,-122.420026291504
Eli's Hot Dogs,JERROLD AVE: BARNEVELD AVE to END (2351 - 2369),101 BAY SHORE BLVD,37.7469482955131,-122.403390960313
"SOHOMEI, LLC",THOMAS MORE WAY: BROTHERHOOD WAY \ CHUMASERO DR to SAN FRANCISCO GOLF CLUB RD (1 - 99),1 THOMAS MORE WAY,37.7100033342894,-122.471411913129
Munch A Bunch,12TH ST: ISIS ST to BERNICE ST (332 - 365),333 12TH ST,37.7708182299993,-122.414007297597
"Kabob Trolley, LLC",04TH ST: TOWNSEND ST to KING ST (700 - 799),298 KING ST,37.77764220851,-122.393418145932
Munch A Bunch,MISSION ST: 14TH ST to 15TH ST (1800 - 1899),1850 MISSION ST,37.7673476707041,-122.420476639081
"SOHOMEI, LLC",MINNESOTA ST: 23RD ST to 24TH ST (1200 - 1299),1240 MINNESOTA ST,37.7546149514892,-122.39038813202
May Catering,,Assessors Block /Lot,0,0
Munch A Bunch,BRYANT ST: ALAMEDA ST intersection,1525 BRYANT ST,37.7677340926708,-122.410152601942
May Catering,,Assessors Block 8710/Lot003,37.7706453983908,-122.3934769372
John's Catering #5,11TH ST: KISSLING ST to BURNS PL (236 - 276),251 11TH ST,37.7724967778067,-122.414209845167
San Francisco's Hometown Creamery,POST ST: STOCKTON ST to POWELL ST (300 - 399),340 POST ST,37.7886969986403,-122.40747042037
Julie's Hot Dogs,MISSION ST: 17TH ST to CLARION ALY (2100 - 2131),2101 MISSION ST,37.7631746196338,-122.419009514771
F & C Catering,TENNESSEE ST: END to 26TH ST (1500 - 1599),1500 TENNESSEE ST,37.7522416684803,-122.389188542589
May Catering,03RD ST: 22ND ST to 23RD ST (2501 - 2699) -- EAST --,2565 03RD ST,37.7567172998371,-122.387648962993
Anas Goodies Catering,TEXAS ST: SIERRA ST to 22ND ST (632 - 699),640 TEXAS ST,37.7579170566901,-122.39547585249
Anas Goodies Catering,ELM ST: FRANKLIN ST to GOUGH ST (300 - 399),368 ELM ST,37.7813800275549,-122.423143845506
May Catering,26TH ST: SHOTWELL ST to VIRGIL ST (3251 - 3273),3251 26TH ST,37.7487621514792,-122.414326828755
Anas Goodies Catering,MINNESOTA ST: END to 26TH ST (1400 - 1499),1400 MINNESOTA ST,37.7520745862084,-122.390144900822
Anas Goodies Catering,23RD ST: END to ILLINOIS ST (100 - 699),601 23RD ST,37.7550307267667,-122.384530734223
Anas Goodies Catering,26TH ST: MINNESOTA ST to INDIANA ST (1000 - 1099),1051 26TH ST,37.7512694058781,-122.389894366944
Anas Goodies Catering,MARKET ST: 10TH ST \ FELL ST \ POLK ST to 11TH ST (1401 - 1455) -- SOUTH --,1411 MARKET ST,37.7758255197583,-122.417249626643
Anas Goodies Catering,SHIPLEY ST: 04TH ST to 05TH ST (100 - 199),133 SHIPLEY ST,37.7807240977697,-122.401235392658
Anas Goodies Catering,PENNSYLVANIA AVE: 22ND ST to 23RD ST (700 - 899),700 PENNSYLVANIA AVE,37.7569236537341,-122.393549610536
Anas Goodies Catering,FOLSOM ST: ERIE ST to 14TH ST (1718 - 1799),1750 FOLSOM ST,37.7689035205665,-122.415981174601
Anas Goodies Catering,26TH ST: MINNESOTA ST to INDIANA ST (1000 - 1099),1090 26TH ST,37.7516084135789,-122.390309489501
Anas Goodies Catering,ARMSTRONG AVE: HAWES ST to INGALLS ST (1300 - 1399),1315 ARMSTRONG AVE,37.723078757516,-122.387525704017
Anas Goodies Catering,FRANCISCO ST: MASON ST to TAYLOR ST (500 - 599),500 FRANCISCO ST,37.8050495090589,-122.41433443694
Anas Goodies Catering,INDIANA ST: 26TH ST to CESAR CHAVEZ ST (1500 - 1599),1575 INDIANA ST,37.7508496068125,-122.390027615501
Anas Goodies Catering,03RD ST: CESAR CHAVEZ ST to MARIN ST (3100 - 3199),3150 03RD ST,37.7494429376004,-122.387985532504
Anas Goodies Catering,NEWHALL ST: BITTING AVE to EGBERT AVE (2660 - 2899),2660 NEWHALL ST,37.7272121739004,-122.399636251644
Anas Goodies Catering,03RD ST: MARIPOSA ST to 18TH ST (2001 - 2099) -- EAST --,2085 03RD ST,37.7632990560446,-122.388482306805
Anas Goodies Catering,TENNESSEE ST: 19TH ST to 20TH ST (800 - 899),815 TENNESSEE ST,37.7615022039664,-122.389276996081
Anas Goodies Catering,03RD ST: MARIPOSA ST to 18TH ST (2000 - 2098) -- WEST --,2030 03RD ST,37.7636598013494,-122.389133857405
Anas Goodies Catering,PENNSYLVANIA AVE: MARIPOSA ST to I-280 S OFF RAMP (200 - 256),208 PENNSYLVANIA AVE,37.7634629599066,-122.394012947377
Anas Goodies Catering,PENNSYLVANIA AVE: I-280 S OFF RAMP to 25TH ST (1050 - 1099),1082 PENNSYLVANIA AVE,37.7533608294551,-122.393045920798
Anas Goodies Catering,INDIANA ST: 20TH ST to 22ND ST (800 - 999),951 INDIANA ST,37.7587861623056,-122.390958398693
May Catering,MINNESOTA ST: 04TH ST \ MARIPOSA ST to 18TH ST (500 - 599),535 MINNESOTA ST,37.763690871096,-122.390457386016
Anas Goodies Catering,DONNER AVE: HAWES ST to INGALLS ST (1300 - 1399),1347 DONNER AVE,37.7214508397335,-122.389353445076
Anas Goodies Catering,MARIPOSA ST: TENNESSEE ST to 04TH ST \ MINNESOTA ST (600 - 699),601 MARIPOSA ST,37.7640520899242,-122.390144393988
Anas Goodies Catering,10TH ST: SHERIDAN ST to HARRISON ST (350 - 399),380 10TH ST,37.7716538513679,-122.411809068524
Anas Goodies Catering,EDDY ST: BUCHANAN ST to WEBSTER ST (1300 - 1399),1346 EDDY ST,37.7818671175741,-122.429885247603
Anas Goodies Catering,TENNESSEE ST: 18TH ST to 19TH ST (700 - 799),790 TENNESSEE ST,37.7618523975041,-122.38993209325
Anas Goodies Catering,TENNESSEE ST: MARIPOSA ST to 18TH ST (600 - 699),640 TENNESSEE ST,37.7635404839296,-122.390096643663
Anas Goodies Catering,22ND ST: MISSISSIPPI ST to TEXAS ST (1255 - 1399),1255 22ND ST,37.7570155244597,-122.394062947116
May Catering,TREAT AVE: MISTRAL ST to END (630 - 699),630 TREAT AVE,37.7599514294279,-122.414049680224
Anas Goodies Catering,03RD ST: 26TH ST to CESAR CHAVEZ ST (3000 - 3098) -- WEST --,3000 03RD ST,37.7504641155225,-122.387908325902
Anas Goodies Catering,03RD ST: EGBERT AVE to FITZGERALD AVE (6000 - 6170) -- WEST --,6000 03RD ST,37.7239799038929,-122.395903454913
Anas Goodies Catering,CESAR CHAVEZ ST: EVANS AVE to KANSAS ST (2100 - 2550),2150 CESAR CHAVEZ ST,37.7502368847791,-122.397818031719
Anas Goodies Catering,INDIANA ST: 20TH ST to 22ND ST (800 - 999),998 INDIANA ST,37.7580373934881,-122.391671890682
Anas Goodies Catering,OTIS ST: GOUGH ST \ MCCOPPIN ST to 13TH ST \ DUBOCE AVE \ HWY 101 NORTHBOUND RAMP \ MISSION ST (100 - 199),150 OTIS ST,37.7706833950426,-122.420879561399
Anas Goodies Catering,CARROLL AVE: INGALLS ST to JENNINGS ST (1400 - 1499),1420 CARROLL AVE,37.7235768564887,-122.390059101399
Anas Goodies Catering,MARIPOSA ST: PENNSYLVANIA AVE to MISSISSIPPI ST (1000 - 1099),1040 MARIPOSA ST,37.7642023783019,-122.39428524234
Anas Goodies Catering,03RD ST: MARIN ST to ARTHUR AVE \ CARGO WAY (3201 - 3399) -- EAST --,3255 03RD ST,37.7484453388377,-122.38687903198
Anas Goodies Catering,03RD ST: MARIN ST to ARTHUR AVE \ CARGO WAY (3201 - 3399) -- EAST --,3305 03RD ST,37.7438311721327,-122.377797368962
May Catering,WISCONSIN ST: 16TH ST to 17TH ST (100 - 199),166 WISCONSIN ST,37.7654338684827,-122.400198205294
May Catering,BERRY ST: 03RD ST to 04TH ST (100 - 199),185 BERRY ST,37.7763271477899,-122.391796821077
May Catering,ALABAMA ST: 16TH ST to 17TH ST (300 - 399),380 ALABAMA ST,37.7644523927651,-122.412671891645
Pipo's Grill,FOLSOM ST: 14TH ST to 15TH ST (1800 - 1899),1800 FOLSOM ST,37.7678524427181,-122.416104892532
May Catering,POTRERO AVE: ALAMEDA ST to 15TH ST (100 - 199),100 POTRERO AVE,37.7680758859527,-122.408289595287
May Catering,YORK ST: MARIPOSA ST to 18TH ST (500 - 599),501 YORK ST,37.7629143116115,-122.408951161538
Leo's Hot Dogs,MISSION ST: 19TH ST to 20TH ST (2300 - 2399),2301 MISSION ST,37.760086931987,-122.418806481101
Reecees Soulicious,BAY SHORE BLVD: END to OAKDALE AVE (185 - 299) -- EAST --,201 BAY SHORE BLVD,37.7453089086563,-122.403420059999
May Catering,16TH ST: OWENS ST to 07TH ST \ MISSISSIPPI ST (700 - 899),Assessors Block 8727/Lot005,37.7655864681473,-122.393197101166
F & C Catering,03RD ST: 24TH ST to 25TH ST (2800 - 2898) -- WEST --,2800 03RD ST,37.7537174169021,-122.388359021044
May Catering,NAPOLEON ST: EVANS AVE \ TOLAND ST to JERROLD AVE (25 - 299),180 NAPOLEON ST,37.7475862762565,-122.398865700796
May Catering,CESAR CHAVEZ ST: EVANS AVE to KANSAS ST (2100 - 2550),2300 CESAR CHAVEZ ST,37.7499452857571,-122.400420884438
May Catering,16TH ST: MISSOURI ST to CONNECTICUT ST (1000 - 1099),1006 16TH ST,37.7666898573867,-122.39718232278
"Casey's Pizza, LLC",FELL ST: GOUGH ST to OCTAVIA ST (300 - 399),368 FELL ST,37.7760487080922,-122.423939211172
May Catering,03RD ST: 24TH ST to 25TH ST (2800 - 2898) -- WEST --,2800 03RD ST,37.7537174169021,-122.388359021044
Tacos Santo Toribio,TOLAND ST: NEWCOMB AVE to OAKDALE AVE (900 - 999),928 TOLAND ST,37.7416236862353,-122.401547206397
May Catering,16TH ST: 03RD ST to 04TH ST (500 - 599),500 16TH ST,0,0
Khalid M Malik,BATTERY ST: MARKET ST to BUSH ST (1 - 10),Assessors Block /Lot,0,0
F & C Catering,03RD ST: 24TH ST to 25TH ST (2800 - 2898) -- WEST --,2890 03RD ST,37.7531087498713,-122.388170202066
Taqueria Lolita,EVANS AVE: QUINT ST to RANKIN ST (1700 - 1799),750 PHELPS ST,37.7394454528691,-122.393014986698
Tacos Santana,JERROLD AVE: TOLAND ST to UPTON ST (2100 - 2230),2142 JERROLD AVE,37.7445185826649,-122.398940846628
Athena SF Gyro,MARKET ST: 11TH ST intersection,10 SOUTH VAN NESS AVE,37.77425926306,-122.419485988398
F & C Catering,PENNSYLVANIA AVE: 22ND ST to 23RD ST (700 - 899),898 PENNSYLVANIA AVE,37.7555344716039,-122.393925277539
"Casey's Pizza, LLC",SPEAR ST: MISSION ST to HOWARD ST (100 - 199),100 SPEAR ST,37.7921505484817,-122.393999974059
May Catering,LE CONTE AVE: 03RD ST to KEITH ST (1039 - 1099),1098 LE CONTE AVE,37.7194317184807,-122.398139506914
Fruteria Serrano,MISSION ST: OCEAN AVE to PERSIA AVE (4650 - 4699),4650 MISSION ST,37.7236612795053,-122.43594382524
May Catering,23RD ST: HARRISON ST to TREAT AVE (3000 - 3053),3050 23RD ST,37.7544764341075,-122.412855363284
May Catering,26TH ST: TREAT AVE \ TREAT WAY to LUCKY ST (3133 - 3164),3150 26TH ST,37.7495331145231,-122.413116536729
Mob Dog,MARKET ST: 03RD ST \ KEARNY ST to GRANT AVE \ OFARRELL ST (700 - 748) -- NORTH --,720 MARKET ST,37.7875984155546,-122.404090439434
May Catering,ALABAMA ST: MARIPOSA ST to 18TH ST (500 - 599),501 ALABAMA ST,37.762476819591,-122.411819003679
Swell Cream & Coffee,TARAVAL ST: 36TH AVE to SUNSET BLVD (2600 - 2649),2401 36TH AVE,37.7412902847707,-122.494377920435
Tacos Santana,CARROLL AVE: QUINT ST to BAY SHORE BLVD \ THORNTON AVE (2100 - 2199),2101 CARROLL AVE,37.7302216813049,-122.402978526686
Halal Food,CALIFORNIA ST: DRUMM ST to DAVIS ST (1 - 99),50 CALIFORNIA ST,37.7940531837329,-122.397347693326
F & C Catering,MINNESOTA ST: 23RD ST to 24TH ST (1200 - 1299),1275 MINNESOTA ST,37.7542517088937,-122.38938122888
"Casey's Pizza, LLC",MISSION ST: NEW MONTGOMERY ST to ANNIE ST (635 - 664),654 MISSION ST,37.7871828477154,-122.401234808851
May Catering,CESAR CHAVEZ ST: KANSAS ST to BAY SHORE BLVD \ VERMONT ST (2501 - 2625) -- SOUTH --,2501 CESAR CHAVEZ ST,37.7489792411554,-122.402409234561
May Catering,YORK ST: 19TH ST to 20TH ST (700 - 799),720 YORK ST,37.7598258374358,-122.409202915083
"Off the Grid Services, LLC",DAVIS ST: DAVIS CT \ JACKSON ST to BROADWAY (500 - 699),Assessors Block /Lot,0,0
May Catering,HAWES ST: INGERSON AVE to JAMESTOWN AVE (2900 - 2999),2930 HAWES ST,37.717779453627,-122.391654765179
The Chef Station,DIVISADERO ST: OAK ST to FELL ST (401 - 499) -- WEST --,425 DIVISADERO ST,37.7733640531909,-122.437875225303
"Casey's Pizza, LLC",SANSOME ST: PINE ST to CALIFORNIA ST (200 - 299),231 SANSOME ST,37.792609401119,-122.401314905451
"San Francisco Carts & Concessions, Inc. DBA Stanley's Steamers Hot Dogs",POST ST: STOCKTON ST to POWELL ST (300 - 399),Assessors Block /Lot,0,0
May Catering,BRYANT ST: 11TH ST \ 13TH ST \ DIVISION ST to DIVISION ST (1300 - 1319),1300 BRYANT ST,37.7690871267671,-122.411527667132
May Catering,ILLINOIS ST: MARIPOSA ST \ TERRY A FRANCOIS BLVD to 18TH ST (600 - 699),600 ILLINOIS ST,37.7641601282203,-122.388142262128
"San Francisco Carts & Concessions, Inc. DBA Stanley's Steamers Hot Dogs",POWELL ST: GEARY ST to POST ST (300 - 399),331 POWELL ST,37.7877552989675,-122.408782213965
May Catering,MINNESOTA ST: 20TH ST to 22ND ST (800 - 999),900 MINNESOTA ST,0,0
May Catering,JAMESTOWN AVE: GRIFFITH ST to CORONADO ST (800 - 850),800 JAMESTOWN AVE,37.7164430021474,-122.389937879321
May Catering,,299 ILLINOIS ST,0,0
May Catering,NAPOLEON ST: SELBY ST to EVANS AVE \ TOLAND ST (1 - 98),Assessors Block 4347a/Lot004,37.7478431533724,-122.394575214957
The Chef Station,10TH ST: FELL ST \ MARKET ST \ POLK ST to END (1 - 18),8 10TH ST,37.7758255197583,-122.417249626643
May Catering,17TH ST: TREAT AVE to FOLSOM ST (3025 - 3099),3030 17TH ST,37.7640381828174,-122.413757516589
May Catering,POTRERO AVE: 24TH ST to 25TH ST (1200 - 1299),1200 POTRERO AVE,37.7525772700714,-122.406806417152
May Catering,EXECUTIVE PARK BLVD: CANDLESTICK COVE WAY to SANDPIPER COVE WAY \ THOMAS MELLON DR (138 - 198),150 EXECUTIVE PARK BLVD,37.710837931141,-122.393543363013
Halal Cart of San Francisco,MARKET ST: FREMONT ST \ FRONT ST to 01ST ST \ BUSH ST (400 - 498) -- NORTH --,1 FRONT ST,37.7917572059444,-122.398897636892
Munch India,POST ST: MONTGOMERY ST to LICK PL (1 - 40),Assessors Block /Lot,0,0
Scotch Bonnet,MONTGOMERY ST: POST ST to SUTTER ST (1 - 99),25 MONTGOMERY ST,37.7894866961278,-122.402467438004
May Catering,MISSION ST: BEALE ST to FREMONT ST (300 - 399),350 MISSION ST,37.7908854635019,-122.396685875811
May Catering,29TH ST: DOLORES ST to CHURCH ST (200 - 299),210 29TH ST,37.7440390986017,-122.425094186331
May Catering,ILLINOIS ST: 20TH ST to 22ND ST (900 - 1099),1000 ILLINOIS ST,37.7592459190261,-122.387917376991
May Catering,TOLAND ST: KIRKWOOD AVE to MCKINNON AVE (600 - 799),600 TOLAND ST,37.7434400420051,-122.399932569577
Scotch Bonnet,01ST ST: STEVENSON ST to END (21 - 56),50 01ST ST,37.7901490737255,-122.398658184604
F & C Catering,25TH ST: MICHIGAN ST to ILLINOIS ST (700 - 799),700 25TH ST,37.7533808099749,-122.386367685857
May Catering,JERROLD AVE: UPTON ST to NAPOLEON ST (2201 - 2299),2270 JERROLD AVE,37.7461044517152,-122.400361834965
May Catering,FOLSOM ST: 16TH ST to ENTERPRISE ST (2000 - 2035),2000 FOLSOM ST,37.7650271638822,-122.41550777249
The Chai Cart,NEW MONTGOMERY ST: AMBROSE BIERCE ST to MISSION ST (77 - 99),79 NEW MONTGOMERY ST,37.7878896999061,-122.400535326777
Halal Cart of San Francisco,MARKET ST: 01ST ST \ BUSH ST to 02ND ST (501 - 599) -- SOUTH --,555 MARKET ST,37.7898898782098,-122.399930411351
SF Street Food,MISSION ST: ANNIE ST to 03RD ST (663 - 699),667 MISSION ST,37.7865580501799,-122.40103337535
F & C Catering,,Assessors Block /Lot,0,0
Julie's Hot Dogs,MISSION ST: 19TH ST to 20TH ST (2300 - 2399),2386 MISSION ST,37.7588799920148,-122.419379202984
May Catering,CHANNEL ST: 03RD ST to 04TH ST (0 - 0),Assessors Block 8711/Lot023,37.7740748410583,-122.390668458146
Scotch Bonnet,SANSOME ST: BUSH ST to PINE ST (100 - 199),115 SANSOME ST,37.7914265413321,-122.401037856688
May Catering,DONNER AVE: END to 03RD ST (1600 - 1699),1600 DONNER AVE,37.7240091065402,-122.392986782578
Yummy Hot Dogs,MARKET ST: MASON ST \ TURK ST to 06TH ST \ GOLDEN GATE AVE \ TAYLOR ST (950 - 998) -- NORTH --,954 MARKET ST,37.7831754207336,-122.409568315547
May Catering,BERRY ST: 05TH ST to 06TH ST (300 - 399),301 BERRY ST,37.7743376663696,-122.394053286313
May Catering,MINNA ST: 10TH ST to 11TH ST (900 - 999),911 MINNA ST,37.7743980109403,-122.415658655811
May Catering,MARIN ST: KANSAS ST to HWY 101 N ON RAMP (2500 - 2599),2525 MARIN ST,37.7476160722331,-122.401976975724
May Catering,23RD ST: HARRISON ST to TREAT AVE (3000 - 3053),3000 23RD ST,0,0
May Catering,EVANS AVE: NAPOLEON ST \ TOLAND ST to MARIN ST (2000 - 2099),2090 EVANS AVE,37.7479549645678,-122.395797384916
F & C Catering,MINNESOTA ST: 20TH ST to 22ND ST (800 - 999),900 MINNESOTA ST,0,0
Yummy Hot Dogs,MARKET ST: MASON ST \ TURK ST to 06TH ST \ GOLDEN GATE AVE \ TAYLOR ST (943 - 999) -- SOUTH --,945 MARKET ST,37.7828341636984,-122.408837940446
Scotch Bonnet,CALIFORNIA ST: SANSOME ST to LEIDESDORFF ST (400 - 448),430 CALIFORNIA ST,37.7932622069231,-122.401789091363
"San Francisco Carts & Concessions, Inc. DBA Stanley's Steamers Hot Dogs",POST ST: STOCKTON ST to POWELL ST (300 - 399),384 POST ST,37.7886212190862,-122.408068906407
Ziaurehman Amini,DRUMM ST: MARKET ST to CALIFORNIA ST (1 - 6),1 CALIFORNIA ST,37.7932137316634,-122.397043036718
"San Francisco Carts & Concessions, Inc. DBA Stanley's Steamers Hot Dogs",GEARY ST: STOCKTON ST to POWELL ST (200 - 299),Assessors Block /Lot,0,0
May Catering,16TH ST: FLORIDA ST to ALABAMA ST (2500 - 2599),2500 16TH ST,37.7658204544832,-122.411968357912
Athena SF Gyro,08TH ST: BRANNAN ST to TOWNSEND ST (600 - 699),699 08TH ST,37.7710219992437,-122.403546254184
"Halal Cart, LLC",MARKET ST: 05TH ST \ CYRIL MAGNIN ST to MASON ST \ TURK ST (901 - 941) -- SOUTH --,901 MARKET ST,37.7834700660829,-122.408040736138
May Catering,CESAR CHAVEZ ST: EVANS AVE to KANSAS ST (2100 - 2550),2400 CESAR CHAVEZ ST,37.749916469391,-122.401130112212
May Catering,HARRISON ST: 19TH ST to MISTRAL ST (2301 - 2360),2301 HARRISON ST,37.7600996654893,-122.412375997322
May Catering,HARRISON ST: 17TH ST to MARIPOSA ST (2050 - 2149),2130 HARRISON ST,37.7628149532289,-122.413211513673
Taqueria Lolita,RANKIN ST: DAVIDSON AVE to EVANS AVE (200 - 299),1700 EVANS AVE,37.744889286143,-122.390971976935
SF Street Food,SUTTER ST: CLAUDE LN to GRANT AVE (216 - 299),290 SUTTER ST,37.7899138671344,-122.405232892524
Reecees Soulicious,03RD ST: NEWCOMB AVE to OAKDALE AVE (4701 - 4799) -- EAST --,4705 03RD ST,37.7350042289514,-122.3901724697
Chilifruit,24TH ST: MISSION ST to OSAGE ALY (3300 - 3322),Assessors Block /Lot,0,0
May Catering,ULLOA ST: WOODSIDE AVE to SYDNEY WAY (1 - 56),2 ULLOA ST,37.7456366838808,-122.454233188657
Tacos Santana,JERROLD AVE: PHELPS ST to QUINT ST (1700 - 1799),1700 JERROLD AVE,37.7424951959228,-122.391617595098
May Catering,CHANNEL ST: END to END (0 - 0),Assessors Block 3810/Lot008,37.772039113525,-122.395974631586
"Casey's Pizza, LLC",POST ST: MONTGOMERY ST to LICK PL (1 - 40),1 POST ST,37.788778723378,-122.402574568411
